-- phpMyAdmin SQL Dump
-- version 5.1.1
-- https://www.phpmyadmin.net/
--
-- Host: 127.0.0.1
-- Generation Time: Sep 21, 2023 at 04:19 AM
-- Server version: 10.4.22-MariaDB
-- PHP Version: 8.1.2

SET SQL_MODE = "NO_AUTO_VALUE_ON_ZERO";
START TRANSACTION;
SET time_zone = "+00:00";


/*!40101 SET @OLD_CHARACTER_SET_CLIENT=@@CHARACTER_SET_CLIENT */;
/*!40101 SET @OLD_CHARACTER_SET_RESULTS=@@CHARACTER_SET_RESULTS */;
/*!40101 SET @OLD_COLLATION_CONNECTION=@@COLLATION_CONNECTION */;
/*!40101 SET NAMES utf8mb4 */;

--
-- Database: `msi_db`
--

-- --------------------------------------------------------

--
-- Table structure for table `bidang`
--

CREATE TABLE `bidang` (
  `bidang_id` bigint(20) NOT NULL,
  `bidang_name` varchar(50) NOT NULL
) ENGINE=InnoDB DEFAULT CHARSET=utf8mb4;

--
-- Dumping data for table `bidang`
--

INSERT INTO `bidang` (`bidang_id`, `bidang_name`) VALUES
(1, 'Operasi'),
(2, 'Pemeliharaan'),
(3, 'Logistik'),
(4, 'Keuangan & Administrasi'),
(5, 'Engineering & Quality Assurance'),
(8, 'CNG'),
(9, 'MKP'),
(10, 'Koperasi BENSCO');

-- --------------------------------------------------------

--
-- Table structure for table `fungsi`
--

CREATE TABLE `fungsi` (
  `fungsi_id` bigint(20) NOT NULL,
  `unit_id` bigint(20) NOT NULL,
  `fungsi_name` varchar(300) NOT NULL
) ENGINE=InnoDB DEFAULT CHARSET=utf8mb4;

--
-- Dumping data for table `fungsi`
--

INSERT INTO `fungsi` (`fungsi_id`, `unit_id`, `fungsi_name`) VALUES
(1, 1, 'Manajemen'),
(2, 1, 'Rendal Operasi'),
(3, 1, 'Rendal Niaga'),
(4, 1, 'Operator PLTGU Blok 1-2 A'),
(5, 1, 'Operator PLTGU Blok 1-2 B'),
(6, 1, 'Operator PLTGU Blok 1-2 C'),
(7, 1, 'Operator PLTGU Blok 1-2 D'),
(8, 1, 'Operator PLTGU Blok 3-4 A'),
(9, 1, 'Operator PLTGU Blok 3-4 B'),
(10, 1, 'Operator PLTGU Blok 3-4 C'),
(11, 1, 'Operator PLTGU Blok 3-4 D'),
(12, 1, 'Operator PLTGU Blok 5 A'),
(13, 1, 'Operator PLTGU Blok 5 B'),
(14, 1, 'Operator PLTGU Blok 5 C'),
(15, 1, 'Operator PLTGU Blok 5 D'),
(16, 1, 'Rendal Pemeliharaan'),
(17, 1, 'Sarana'),
(18, 1, 'K3'),
(19, 1, 'Lingkungan'),
(20, 1, 'Manajemen Outage'),
(21, 1, 'Har Mekanik 1-2'),
(22, 1, 'Har Listrik 1-2'),
(23, 1, 'Har Konin 1-2'),
(24, 1, 'Pengadaan'),
(25, 1, 'Inventori'),
(26, 1, 'Gudang'),
(27, 1, 'Sekretariat Umum & CSR'),
(28, 1, 'Keuangan'),
(29, 1, 'SDM'),
(30, 1, 'System Owner Blok 1-2-5'),
(31, 1, 'System Owner 3-4'),
(32, 1, 'Manajemen Risiko dan Kepatuhan'),
(33, 1, 'Manajemen Mutu dan Kinerja'),
(34, 1, 'Technology Owner'),
(35, 1, 'Rendal CNG'),
(36, 1, 'OpHar CNG'),
(37, 1, 'Har Listrik 3-4'),
(38, 1, 'Specialist'),
(39, 1, 'Har Mekanik 3-4'),
(40, 1, 'Har Konin 3-4'),
(41, 1, 'Laboratorium & Kimia'),
(42, 1, 'Har Konin 5'),
(43, 1, 'Junior Engineer Technology Owner');

-- --------------------------------------------------------

--
-- Table structure for table `inventaris`
--

CREATE TABLE `inventaris` (
  `inventaris_id` bigint(20) NOT NULL,
  `user_id` bigint(20) NOT NULL,
  `komp_id` bigint(20) NOT NULL,
  `tgl_pinjam` date NOT NULL
) ENGINE=InnoDB DEFAULT CHARSET=utf8mb4;

--
-- Dumping data for table `inventaris`
--

INSERT INTO `inventaris` (`inventaris_id`, `user_id`, `komp_id`, `tgl_pinjam`) VALUES
(1, 2, 378, '2023-08-01'),
(3, 247, 477, '2023-08-25'),
(4, 248, 269, '2023-06-09');

-- --------------------------------------------------------

--
-- Table structure for table `ip`
--

CREATE TABLE `ip` (
  `ip_id` bigint(20) NOT NULL,
  `ip_address` varchar(200) NOT NULL,
  `bagian` varchar(300) NOT NULL,
  `keterangan` varchar(300) NOT NULL
) ENGINE=InnoDB DEFAULT CHARSET=utf8mb4;

--
-- Dumping data for table `ip`
--

INSERT INTO `ip` (`ip_id`, `ip_address`, `bagian`, `keterangan`) VALUES
(1, '10.7.15.1', 'EQA', 'GATEWAY SEGMENT WAN KABEL'),
(2, '10.7.15.2', 'EQA', 'SERVER'),
(3, '10.7.15.3', 'EQA', 'SERVER'),
(4, '10.7.15.4', 'EQA', 'SERVER'),
(5, '10.7.15.5', 'EQA', 'SERVER TOOLS VIBRASI TO 1 - ARGOS'),
(6, '10.7.15.6', 'EQA', 'SERVER'),
(7, '10.7.15.7', 'EQA', 'SERVER TOOLS VIBRASI TO 2 - ARGOS'),
(8, '10.7.15.8', 'EQA', 'SERVER'),
(9, '10.7.15.9', 'EQA', 'SERVER'),
(10, '10.7.15.10', 'EQA', 'SERVER'),
(11, '10.7.15.11', 'EQA', 'SERVER'),
(12, '10.7.15.12', 'GM', 'DESKTOP-GM'),
(13, '10.7.15.13', 'OPS', 'MTOPS-LABOR1'),
(14, '10.7.15.14', 'GM', ''),
(15, '10.7.15.15', 'MAN', 'MANLOG-PC'),
(16, '10.7.15.16', 'MAN', ''),
(17, '10.7.15.17', 'MAN', ''),
(18, '10.7.15.18', 'MAN', ''),
(19, '10.7.15.19', 'MAN', '????'),
(20, '10.7.15.20', 'MAN', ''),
(21, '10.7.15.21', 'MAN', ''),
(22, '10.7.15.22', 'MAN', 'MTLOGD-MLOG ???\\'),
(23, '10.7.15.23', 'MAN', 'MTHARD-MHAR'),
(24, '10.7.15.24', 'MAN', 'MTEQAD-MEQA'),
(25, '10.7.15.25', 'EQA', 'MTEQAL-ZOOMHOST'),
(26, '10.7.15.26', 'MAN', ''),
(27, '10.7.15.27', 'MAN', ''),
(28, '10.7.15.28', 'MAN', ''),
(29, '10.7.15.29', 'MAN', 'MTKADD-MKAD'),
(30, '10.7.15.30', 'LOG', 'MTLOGD-DIENDA'),
(31, '10.7.15.31', 'LOG', ''),
(32, '10.7.15.32', 'LOG', ''),
(33, '10.7.15.33', 'LOG', 'MTLOGD-RIDIAN'),
(34, '10.7.15.34', 'LOG', 'MTLOGD-ANGGRESTA'),
(35, '10.7.15.35', 'LOG', 'MTLOGD-ADHID'),
(36, '10.7.15.36', 'LOG', 'MTLOGD-DEORITA'),
(37, '10.7.15.37', 'LOG', 'MTLOGD-RATIH'),
(38, '10.7.15.38', 'LOG', 'MTLOGD-VILANTIE'),
(39, '10.7.15.39', 'HAR', 'MTHARD-BILLI'),
(40, '10.7.15.40', 'LOG', 'MTLOGD-GUMILANG'),
(41, '10.7.15.41', 'LOG', 'MTLOGD-FIRDHA'),
(42, '10.7.15.42', 'LOG', 'MTLOGD-RIDIAN'),
(43, '10.7.15.43', 'LOG', 'MTLOGD-SOFYANAJI'),
(44, '10.7.15.44', 'HAR', 'MTHARD-SPVSARANA'),
(45, '10.7.15.45', 'LOG', 'MTLOGD-ANGGANUGROHO'),
(46, '10.7.15.46', 'LOG', 'MTLOGL-PGD1'),
(47, '10.7.15.47', 'LOG', 'MTLOGD-YOAN'),
(48, '10.7.15.48', 'LOG', 'MTLOGD-SERVERICC'),
(49, '10.7.15.49', 'LOG', 'MTLOGD-LUTFI'),
(50, '10.7.15.50', 'LOG', 'MTLOGL-SULHAN'),
(51, '10.7.15.51', 'HAR', 'MTHARD-RONISAR'),
(52, '10.7.15.52', 'HPS', ''),
(53, '10.7.15.53', 'HPS', ''),
(54, '10.7.15.54', 'HPS', ''),
(55, '10.7.15.55', 'HPS', ''),
(56, '10.7.15.56', 'HAR', 'MTHARD-DEDIKRIS'),
(57, '10.7.15.57', 'HAR', 'MTHAR-HENDRIK'),
(58, '10.7.15.58', 'HPS', ''),
(59, '10.7.15.59', 'HPS', ''),
(60, '10.7.15.60', 'HPS', ''),
(61, '10.7.15.61', 'HAR', ''),
(62, '10.7.15.62', 'HAR', ''),
(63, '10.7.15.63', 'HAR', ''),
(64, '10.7.15.64', 'HAR', 'MTHARD-NURKHOLIQ'),
(65, '10.7.15.65', 'HAR', 'MTHARD-ANDRIKA'),
(66, '10.7.15.66', 'HAR', ''),
(67, '10.7.15.67', 'HAR', 'MTHARD-SUPRAPTO'),
(68, '10.7.15.68', 'HAR', 'MTHAR-RONIGANTENG'),
(69, '10.7.15.69', 'HAR', 'MTHARD-WAHYUDI'),
(70, '10.7.15.70', 'HAR', 'MTHARD-SERVERMO'),
(71, '10.7.15.71', 'HAR', 'MTHARD-K3LAYANAN'),
(72, '10.7.15.72', 'HAR', ''),
(73, '10.7.15.73', 'HAR', '????'),
(74, '10.7.15.74', 'HAR', 'MTHARD-DIKASARANA'),
(75, '10.7.15.75', 'HAR', 'MTHARD-MUNANDAR'),
(76, '10.7.15.76', 'EQA', 'MTEQAD-BAYU'),
(77, '10.7.15.77', 'EQA', 'MTEQAD-RIJAL'),
(78, '10.7.15.78', 'HAR', 'MTHARD-SIGITWISNU'),
(79, '10.7.15.79', 'HAR', 'MTHARD-PRIAGUNG'),
(80, '10.7.15.80', 'HAR', ''),
(81, '10.7.15.81', 'HAR', 'MTHARD-FUAD'),
(82, '10.7.15.82', 'HAR', ''),
(83, '10.7.15.83', 'HAR', 'MTKADD-BINTANG'),
(84, '10.7.15.84', 'HAR', ''),
(85, '10.7.15.85', 'HAR', 'MTHAR-RENDYDWI'),
(86, '10.7.15.86', 'HAR', 'MTHARD-WISNU'),
(87, '10.7.15.87', 'HAR', 'HAR-LISTRIK_DAMMORA'),
(88, '10.7.15.88', 'HAR', ''),
(89, '10.7.15.89', 'HAR', 'MTHARD-ICHSAN'),
(90, '10.7.15.90', 'HAR', 'MTHARD-SYARIFUDDINM5'),
(91, '10.7.15.91', 'HAR', 'MTHARD-YUNASMEKANIKB5'),
(92, '10.7.15.92', 'HAR', 'MTHARD-INALB5'),
(93, '10.7.15.93', 'HAR', 'MTHARD-PANSKINTI'),
(94, '10.7.15.94', 'HAR', 'MTHARD-FEBRI'),
(95, '10.7.15.95', 'HAR', 'MTHARD-SAFRI'),
(96, '10.7.15.96', 'KAD', ''),
(97, '10.7.15.97', 'KAD', 'MTKADD-ZIA'),
(98, '10.7.15.98', 'KAD', 'MTKADD-DIANTY'),
(99, '10.7.15.99', 'KAD', 'MTKADD-CHANDRA'),
(100, '10.7.15.100', 'KAD', 'MTKADD-RIDHO'),
(101, '10.7.15.101', 'CNG', ''),
(102, '10.7.15.102', 'LOG', 'MTHAR-IRSAM'),
(103, '10.7.15.103', 'LOG', ''),
(104, '10.7.15.104', 'HAR', 'MTHARD-HISYAM???'),
(105, '10.7.15.105', 'HAR', '????'),
(106, '10.7.15.106', 'HAR', 'MTHARD-AJIKONIN1-2'),
(107, '10.7.15.107', 'LOG', 'MTLOGD-ROSIT'),
(108, '10.7.15.108', 'KAD', 'MTKADD-PEMBUATANBA'),
(109, '10.7.15.109', 'KAD', 'MTKADD-DEDI'),
(110, '10.7.15.110', 'HAR', ''),
(111, '10.7.15.111', 'EQA', 'MTEQAD-SERVERSO'),
(112, '10.7.15.112', 'KAD', 'MTKADD-INDRAS'),
(113, '10.7.15.113', 'HAR', ''),
(114, '10.7.15.114', 'HAR', 'MTHARD-HERWIN'),
(115, '10.7.15.115', 'KAD', 'MTKADD-MUHAROM'),
(116, '10.7.15.116', '', ''),
(117, '10.7.15.117', 'KAD', 'MTKADD-SPVSDM'),
(118, '10.7.15.118', '', ''),
(119, '10.7.15.119', 'MAN', ''),
(120, '10.7.15.120', 'KAD', 'MTKADD-ULYA'),
(121, '10.7.15.121', 'EQA', ''),
(122, '10.7.15.122', 'EQA', ''),
(123, '10.7.15.123', 'OPS', ''),
(124, '10.7.15.124', 'EQA', ''),
(125, '10.7.15.125', 'OPS', 'MTOPSD_DESAL1'),
(126, '10.7.15.126', 'KAD', ''),
(127, '10.7.15.127', 'KAD', 'MTKADD-TEDIK'),
(128, '10.7.15.128', 'KAD', 'MTKADD-RELIBLT2'),
(129, '10.7.15.129', 'KAD', ''),
(130, '10.7.15.130', 'KAD', 'MTHARD-EKOCNG'),
(131, '10.7.15.131', 'KAD', ''),
(132, '10.7.15.132', 'KAD', ''),
(133, '10.7.15.133', 'KAD', ''),
(134, '10.7.15.134', 'KAD', 'MTKADD-TIARA'),
(135, '10.7.15.135', 'KAD', 'MTKADD-ADMIN'),
(136, '10.7.15.136', 'KAD', ''),
(137, '10.7.15.137', 'KAD', 'MTEQAD-RATNA'),
(138, '10.7.15.138', 'KAD', '???'),
(139, '10.7.15.139', 'HAR', 'MTHARD-MIRA'),
(140, '10.7.15.140', 'KAD', 'MTKADD-SUDASLI'),
(141, '10.7.15.141', 'KAD', 'MTKADD-BAHTIAR'),
(142, '10.7.15.142', 'KAD', 'MTKADD-ALIKOP'),
(143, '10.7.15.143', 'KAD', 'MTKADD-DHIKA'),
(144, '10.7.15.144', 'EQA', 'MTEQA-HARTI'),
(145, '10.7.15.145', 'KAD', 'MTKADD-PERPUSTAKAAN'),
(146, '10.7.15.146', 'KAD', 'MTKADD-ARIS'),
(147, '10.7.15.147', 'KAD', ''),
(148, '10.7.15.148', 'KAD', ''),
(149, '10.7.15.149', 'KAD', ''),
(150, '10.7.15.150', 'HAR', 'MTHAR-HARIS'),
(151, '10.7.15.151', 'EQA', ''),
(152, '10.7.15.152', 'EQA', ''),
(153, '10.7.15.153', 'EQA', '?????'),
(154, '10.7.15.154', 'ENK', ''),
(155, '10.7.15.155', 'HAR', 'MTHARD-DIPTA'),
(156, '10.7.15.156', 'HAR', 'MTHARD-IING'),
(157, '10.7.15.157', 'HAR', 'MTHARD-PRIYATNO'),
(158, '10.7.15.158', 'HAR', 'MTHAR-KHOIRUL'),
(159, '10.7.15.159', 'HAR', 'MTHAR-TONI'),
(160, '10.7.15.160', 'HAR', 'MTHARD-ADENUGROHO'),
(161, '10.7.15.161', 'HAR', 'MTHARD-PRISCIL'),
(162, '10.7.15.162', 'HAR', 'MTHARD-GEO'),
(163, '10.7.15.163', 'HAR', 'MTHARD-DOKTER'),
(164, '10.7.15.164', 'HAR', 'MTHARD-GARDIKA'),
(165, '10.7.15.165', 'KLK3', ''),
(166, '10.7.15.166', 'OPS', ''),
(167, '10.7.15.167', 'OPS', ''),
(168, '10.7.15.168', 'OPS', ''),
(169, '10.7.15.169', 'OPS', 'MTOPSD-PTW1'),
(170, '10.7.15.170', 'OPS', ''),
(171, '10.7.15.171', 'OPS', 'MTOPSD-CCRCNG'),
(172, '10.7.15.172', 'OPS', ''),
(173, '10.7.15.173', 'OPS', ''),
(174, '10.7.15.174', 'OPS', ''),
(175, '10.7.15.175', 'OPS', ''),
(176, '10.7.15.176', 'OPS', ''),
(177, '10.7.15.177', 'OPS', ''),
(178, '10.7.15.178', 'OPS', ''),
(179, '10.7.15.179', 'OPS', '???'),
(180, '10.7.15.180', 'OPS', 'MTCNG-EKO'),
(181, '10.7.15.181', 'OPS', '???'),
(182, '10.7.15.182', 'EQA', 'MTEQAD-TITOKS'),
(183, '10.7.15.183', 'OPS', ''),
(184, '10.7.15.184', 'OPS', ''),
(185, '10.7.15.185', 'OPS', ''),
(186, '10.7.15.186', 'OPS', ''),
(187, '10.7.15.187', 'OPS', 'MTOPSD-MCRB5'),
(188, '10.7.15.188', 'OPS', 'MTOPSD-MCRB5-2'),
(189, '10.7.15.189', 'OPS', ''),
(190, '10.7.15.190', 'OPS', ''),
(191, '10.7.15.191', 'OPS', ''),
(192, '10.7.15.192', 'OPS', ''),
(193, '10.7.15.193', 'OPS', ''),
(194, '10.7.15.194', 'OPS', ''),
(195, '10.7.15.195', 'OPS', ''),
(196, '10.7.15.196', 'HAR', 'MTHARD-STEFANI'),
(197, '10.7.15.197', 'EQA', ''),
(198, '10.7.15.198', 'EQA', ''),
(199, '10.7.15.199', 'EQA', ''),
(200, '10.7.15.200', 'EQA', ''),
(201, '10.7.15.201', 'LOG', 'MTLOGD-JATMIKO'),
(202, '10.7.15.202', 'EQA', ''),
(203, '10.7.15.203', 'EQA', ''),
(204, '10.7.15.204', 'HAR', 'MTHARD-WANDA'),
(205, '10.7.15.205', 'EQA', 'MTHARD-RAKEL'),
(206, '10.7.15.206', 'EQA', 'MTKADD-AMIN'),
(207, '10.7.15.207', 'EQA', ''),
(208, '10.7.15.208', 'HAR', 'MTHARD-SERVKONIN5'),
(209, '10.7.15.209', 'EQA', 'MTHARD-ALQA'),
(210, '10.7.15.210', 'EQA', 'MTEQAL-ROSAD'),
(211, '10.7.15.211', 'EQA', 'MTEQA-BIRAWA'),
(212, '10.7.15.212', 'EQA', 'MTLOGD-FIRDHA'),
(213, '10.7.15.213', 'EQA', 'MTKADD-PUJIONO '),
(214, '10.7.15.214', 'EQA', ''),
(215, '10.7.15.215', 'EQA', 'MTEQAL-JOMA'),
(216, '10.7.15.216', 'EQA', 'MTEQAD-DIAH'),
(217, '10.7.15.217', 'HAR', 'MTKADD-SERVERUMUM'),
(218, '10.7.15.218', 'EQA', 'MTKADD-MUAMMAR'),
(219, '10.7.15.219', 'EQA', 'MTKADD-AWANG'),
(220, '10.7.15.220', 'EQA', ''),
(221, '10.7.15.221', 'EQA', ''),
(222, '10.7.15.222', 'EQA', ''),
(223, '10.7.15.223', 'EQA', ''),
(224, '10.7.15.224', 'EQA', ''),
(225, '10.7.15.225', 'EQA', ''),
(226, '10.7.15.226', 'EQA', ''),
(227, '10.7.15.227', 'EQA', ''),
(228, '10.7.15.228', 'EQA', '????'),
(229, '10.7.15.229', 'EQA', ''),
(230, '10.7.15.230', 'EQA', 'MTOPSD-RANDI'),
(231, '10.7.15.231', 'EQA', 'MTOPSD-SYAIFUDDIN'),
(232, '10.7.15.232', 'EQA', 'STORAGE NETWORK SO - HDD'),
(233, '10.7.15.233', 'EQA', 'MTEQA-RAHMAT'),
(234, '10.7.15.234', 'EQA', ''),
(235, '10.7.15.235', 'EQA', ''),
(236, '10.7.15.236', 'EQA', ''),
(237, '10.7.15.237', 'EQA', ''),
(238, '10.7.15.238', 'EQA', 'MTKAD-ANTO'),
(239, '10.7.15.239', 'EQA', ''),
(240, '10.7.15.240', 'EQA', ''),
(241, '10.7.15.241', 'EQA', ''),
(242, '10.7.15.242', 'EQA', 'MTEQAD-YULI'),
(243, '10.7.15.243', 'EQA', ''),
(244, '10.7.15.244', 'EQA', 'IDIAGNOSTIK DEVELOPMENT - SEMENTARA'),
(245, '10.7.15.245', 'EQA', 'MTEQA-SYAIFULLOH'),
(246, '10.7.15.246', 'EQA', 'MTEQA-YUDHO'),
(247, '10.7.15.247', 'EQA', '???'),
(248, '10.7.15.248', 'HAR', 'MTHARD-SYAFIUL'),
(249, '10.7.15.249', 'EQA', 'MTEQAD-SINFO3'),
(250, '10.7.15.250', 'EQA', ''),
(251, '10.7.15.251', 'EQA', 'MTHARD-ALAMLIS5'),
(252, '10.7.15.252', 'EQA', '???'),
(253, '10.7.15.253', 'OPS', 'MTOPS-DATAOPERASI'),
(254, '10.7.15.254', 'EQA', ''),
(255, '10.7.25.1', 'EQA', ''),
(256, '10.7.25.2', 'EQA', ''),
(257, '10.7.25.3', 'EQA', ''),
(258, '10.7.25.4', 'EQA', ''),
(259, '10.7.25.5', 'EQA', ''),
(260, '10.7.25.6', 'EQA', ''),
(261, '10.7.25.7', 'EQA', ''),
(262, '10.7.25.8', 'EQA', ''),
(263, '10.7.25.9', 'EQA', ''),
(264, '10.7.25.10', 'EQA', 'IP FORESCOUT - alternate'),
(265, '10.7.25.11', 'EQA', 'CCTV'),
(266, '10.7.25.12', 'GM', 'CCTV ???'),
(267, '10.7.25.13', 'GM', 'CCTV'),
(268, '10.7.25.14', 'GM', 'CCTV'),
(269, '10.7.25.15', 'MAN', 'CCTV'),
(270, '10.7.25.16', 'MAN', 'CCTV'),
(271, '10.7.25.17', 'MAN', 'CCTV IDIAGNOSTIK'),
(272, '10.7.25.18', 'MAN', 'CCTV IDIAGNOSTIK'),
(273, '10.7.25.19', 'MAN', 'CCTV ???'),
(274, '10.7.25.20', 'MAN', 'CCTV ???'),
(275, '10.7.25.21', 'MAN', 'CCTV ???'),
(276, '10.7.25.22', 'MAN', 'CCTV ???'),
(277, '10.7.25.23', 'MAN', 'CCTV ???'),
(278, '10.7.25.24', 'MAN', 'CCTV ???'),
(279, '10.7.25.25', 'MAN', 'CCTV ???'),
(280, '10.7.25.26', 'MAN', 'CCTV ???'),
(281, '10.7.25.27', 'MAN', 'CCTV ???'),
(282, '10.7.25.28', 'MAN', 'CCTV ???'),
(283, '10.7.25.29', 'MAN', 'CCTV ???'),
(284, '10.7.25.30', 'MAN', 'CCTV ???'),
(285, '10.7.25.31', 'CNG', 'CCTV ???'),
(286, '10.7.25.32', 'CNG', 'CCTV ???'),
(287, '10.7.25.33', 'CNG', 'CCTV ???'),
(288, '10.7.25.34', 'CNG', 'CCTV ???'),
(289, '10.7.25.35', 'CNG', 'CCTV ???'),
(290, '10.7.25.36', 'EQA', 'NVR CCTV CCR 34 (4 CHANEL)'),
(291, '10.7.25.37', 'CNG', 'NVR CCTV PARKIR MOBIL DEPAN (4 CHANNEL)'),
(292, '10.7.25.38', 'CNG', ''),
(293, '10.7.25.39', 'CNG', ''),
(294, '10.7.25.40', 'CNG', ''),
(295, '10.7.25.41', 'CNG', 'FIREWALL BLOK 12'),
(296, '10.7.25.42', 'CNG', 'FIREWALL BLOK 34'),
(297, '10.7.25.43', 'CNG', 'FIREWALL BLOK 5'),
(298, '10.7.25.44', 'CNG', ''),
(299, '10.7.25.45', 'CNG', ''),
(300, '10.7.25.46', 'CNG', ''),
(301, '10.7.25.47', 'EQA', 'MONITORING GRAFANA UNIT R. MAN CNG'),
(302, '10.7.25.48', 'EQA', 'MONITORING GRAFANA UNIT R. MEQA'),
(303, '10.7.25.49', 'IT', 'CCTV IDIAGNOSTIK - GEDUNG K3'),
(304, '10.7.25.50', 'IT', 'MONITORING BEBAN UNIT R. MEETING GB B'),
(305, '10.7.25.51', 'IT', 'MONITORING GRAFANA UNIT R. SM'),
(306, '10.7.25.52', 'IT', 'MONITORING BEBAN UNIT MCR B 1-2 ???'),
(307, '10.7.25.53', 'IT', 'MONITORING BEBAN UNIT R. MAN. PEMELIHARAAN ???'),
(308, '10.7.25.54', 'IT', 'MONITORING BEBAN UNIT '),
(309, '10.7.25.55', 'IT', 'MONITORING BEBAN UNIT MCR B 3-4 ???'),
(310, '10.7.25.56', 'IT', 'MONITORING BEBAN UNIT MCR B 5 ???'),
(311, '10.7.25.57', 'IT', 'MONITORING BEBAN UNIT R. MAN OPS'),
(312, '10.7.25.58', 'IT', 'CCTV IDIAGNOSTIK - GEDUNG B'),
(313, '10.7.25.59', 'IT', 'MONITORING BEBAN UNIT GED B 3-4 LT.1 ???'),
(314, '10.7.25.60', 'CNG', 'SCADA'),
(315, '10.7.25.61', 'CNG', 'SCADA'),
(316, '10.7.25.62', 'CNG', 'SCADA'),
(317, '10.7.25.63', 'CNG', 'SCADA'),
(318, '10.7.25.64', 'CNG', 'SCADA'),
(319, '10.7.25.65', 'CNG', 'SCADA'),
(320, '10.7.25.66', 'CNG', 'SCADA'),
(321, '10.7.25.67', 'CNG', 'SCADA'),
(322, '10.7.25.68', 'CNG', 'SCADA'),
(323, '10.7.25.69', 'CNG', 'SCADA'),
(324, '10.7.25.70', 'CNG', 'SCADA'),
(325, '10.7.25.71', 'CNG', 'SCADA'),
(326, '10.7.25.72', 'CNG', 'SCADA'),
(327, '10.7.25.73', 'CNG', 'SCADA'),
(328, '10.7.25.74', 'CNG', 'SCADA'),
(329, '10.7.25.75', 'CNG', 'SCADA'),
(330, '10.7.25.76', 'CNG', 'SCADA'),
(331, '10.7.25.77', 'CNG', 'SCADA'),
(332, '10.7.25.78', 'CNG', 'SCADA'),
(333, '10.7.25.79', 'CNG', 'SCADA'),
(334, '10.7.25.80', 'CNG', 'SCADA'),
(335, '10.7.25.81', 'CNG', 'SCADA'),
(336, '10.7.25.82', 'CNG', 'SCADA'),
(337, '10.7.25.83', 'CNG', 'SCADA'),
(338, '10.7.25.84', 'CNG', 'SCADA'),
(339, '10.7.25.85', 'CNG', 'SCADA'),
(340, '10.7.25.86', 'CNG', 'SCADA'),
(341, '10.7.25.87', 'CNG', 'CCTV IDIAGNOSTIK -'),
(342, '10.7.25.88', 'CNG', 'SCADA'),
(343, '10.7.25.89', 'CNG', 'SCADA'),
(344, '10.7.25.90', 'EQA', 'IP AMP'),
(345, '10.7.25.91', 'EQA', 'IP AMP'),
(346, '10.7.25.92', 'EQA', 'IP AMP'),
(347, '10.7.25.93', 'EQA', 'IP AMP'),
(348, '10.7.25.94', 'EQA', 'IP AMP'),
(349, '10.7.25.95', 'EQA', 'EQA-APBKLLIS12'),
(350, '10.7.25.96', 'EQA', 'EQA-SWAPADM3_SPARE'),
(351, '10.7.25.97', 'EQA', 'ACCESS POINT UPHB'),
(352, '10.7.25.98', 'EQA', 'ACCESS POINT UPHB'),
(353, '10.7.25.99', 'EQA', 'ACCESS POINT UPHB'),
(354, '10.7.25.100', 'EQA', 'ACCESS POINT UPHB'),
(355, '10.7.25.101', 'EQA', 'ACCESS POINT'),
(356, '10.7.25.102', 'EQA', 'ACCESS POINT'),
(357, '10.7.25.103', 'EQA', 'ACCESS POINT'),
(358, '10.7.25.104', 'EQA', 'ACCESS POINT'),
(359, '10.7.25.105', 'EQA', 'ACCESS POINT'),
(360, '10.7.25.106', 'EQA', 'ACCESS POINT'),
(361, '10.7.25.107', 'EQA', 'ACCESS POINT'),
(362, '10.7.25.108', 'EQA', 'ACCESS POINT'),
(363, '10.7.25.109', 'EQA', 'ACCESS POINT'),
(364, '10.7.25.110', 'EQA', 'ACCESS POINT'),
(365, '10.7.25.111', 'EQA', 'ACCESS POINT'),
(366, '10.7.25.112', 'EQA', 'ACCESS POINT'),
(367, '10.7.25.113', 'EQA', 'ACCESS POINT'),
(368, '10.7.25.114', 'EQA', 'ACCESS POINT'),
(369, '10.7.25.115', 'EQA', 'ACCESS POINT'),
(370, '10.7.25.116', 'EQA', 'ACCESS POINT'),
(371, '10.7.25.117', 'EQA', 'ACCESS POINT'),
(372, '10.7.25.118', 'EQA', 'ACCESS POINT'),
(373, '10.7.25.119', 'EQA', 'ACCESS POINT'),
(374, '10.7.25.120', 'EQA', 'ACCESS POINT'),
(375, '10.7.25.121', 'EQA', 'ACCESS POINT'),
(376, '10.7.25.122', 'EQA', 'ACCESS POINT'),
(377, '10.7.25.123', 'EQA', 'ACCESS POINT'),
(378, '10.7.25.124', 'EQA', 'ACCESS POINT'),
(379, '10.7.25.125', 'EQA', 'ACCESS POINT'),
(380, '10.7.25.126', 'KAD', 'SERVER PERPUS'),
(381, '10.7.25.127', 'KAD', ''),
(382, '10.7.25.128', 'KAD', 'MODEM KWH METER GITET 33'),
(383, '10.7.25.129', 'KAD', 'MODEM KWH METER GITET 41 42'),
(384, '10.7.25.130', 'KAD', 'MODEM KWH METER GITET 43'),
(385, '10.7.25.131', 'KAD', 'MODEM KWH METER ADD-ON'),
(386, '10.7.25.132', 'KAD', 'MODEM KWH METER GITET 58'),
(387, '10.7.25.133', 'EQA', 'KAMERA'),
(388, '10.7.25.134', 'EQA', 'KAMERA'),
(389, '10.7.25.135', 'KAD', 'MONITOR DIGITAL SIGNAGE UMUM'),
(390, '10.7.25.136', 'KOP', 'MONITOR DIGITAL SIGNAGE UMUM'),
(391, '10.7.25.137', 'KOP', 'WIFI ROUTER KWH METER AREA FORWARDING PUMP'),
(392, '10.7.25.138', 'KOP', 'WIFI ROUTER KWH METER AREA GEDUNG B'),
(393, '10.7.25.139', 'KOP', 'WIFI ROUTER KWH METER AREA GEDUNG PMT'),
(394, '10.7.25.140', 'KOP', 'WIFI ROUTER KWH METER AREA CNG'),
(395, '10.7.25.141', 'KOP', 'MODEM KWH METER GT 21'),
(396, '10.7.25.142', 'KOP', 'MODEM KWH METER GT 11'),
(397, '10.7.25.143', 'KOP', 'MODEM KWH METER GT 13'),
(398, '10.7.25.144', 'KOP', 'MODEM KWH METER GT 14'),
(399, '10.7.25.145', 'KOP', 'ATC KWH METER 21'),
(400, '10.7.25.146', 'KOP', 'ATC KWH METER 22'),
(401, '10.7.25.147', 'KOP', 'MODEM KWH METER GITET 31 32'),
(402, '10.7.25.148', 'KOP', 'KWH METER RONI'),
(403, '10.7.25.149', 'KOP', 'WIFI ROUTER KWH METER SOLAR PANEL'),
(404, '10.7.25.150', 'KOP', 'DVR CCTV 1'),
(405, '10.7.25.151', 'DHCP', 'DVR CCTV 2'),
(406, '10.7.25.152', 'DHCP', 'DVR CCTV 3'),
(407, '10.7.25.153', 'DHCP', 'DVR CCTV 4'),
(408, '10.7.25.154', 'DHCP', 'DVR CCTV 5'),
(409, '10.7.25.155', 'DHCP', 'DVR CCTV 6'),
(410, '10.7.25.156', 'DHCP', 'DVR CCTV 7'),
(411, '10.7.25.157', 'DHCP', 'DVR CCTV 8'),
(412, '10.7.25.158', 'DHCP', 'MODEM KWH METER GITET 51'),
(413, '10.7.25.159', 'DHCP', 'KWH METER RONI'),
(414, '10.7.25.160', 'DHCP', ''),
(415, '10.7.25.161', 'KAD', 'GA JELAS'),
(416, '10.7.25.162', 'KAD', 'KAD-ABSENSI2 (label terbalik)'),
(417, '10.7.25.163', 'DHCP', 'KAD-ABSENSI1 ADM1A port 18'),
(418, '10.7.25.164', 'KAD', 'KAD-ABSENSI3 MCRB5 port 19'),
(419, '10.7.25.165', 'KAD', 'KAD-ABSENSI4 CCR34 port 13'),
(420, '10.7.25.166', 'KAD', 'KAD-ABSENSI5 MCR1B port19'),
(421, '10.7.25.167', 'DHCP', 'SERVER-CEMS1'),
(422, '10.7.25.168', 'DHCP', 'SERVER-CEMS2 K3'),
(423, '10.7.25.169', 'DHCP', 'SERVER-CEMS3'),
(424, '10.7.25.170', 'DHCP', ''),
(425, '10.7.25.171', 'DHCP', ''),
(426, '10.7.25.172', 'DHCP', 'NVR CCTV IDIAGNOSTIK '),
(427, '10.7.25.173', 'DHCP', ''),
(428, '10.7.25.174', 'DHCP', 'DOORLOCK'),
(429, '10.7.25.175', 'DHCP', 'DOORLOCK'),
(430, '10.7.25.176', 'DHCP', 'DOORLOCK'),
(431, '10.7.25.177', 'DHCP', 'DOORLOCK'),
(432, '10.7.25.178', 'DHCP', 'DOORLOCK'),
(433, '10.7.25.179', 'DHCP', 'PC REMDOC BLOK 5'),
(434, '10.7.25.180', 'DHCP', 'DOORLOCK'),
(435, '10.7.25.181', 'DHCP', 'DOORLOCK'),
(436, '10.7.25.182', 'DHCP', 'DOORLOCK'),
(437, '10.7.25.183', 'DHCP', 'DOORLOCK'),
(438, '10.7.25.184', 'DHCP', ''),
(439, '10.7.25.185', 'DHCP', ''),
(440, '10.7.25.186', 'DHCP', 'EQA-SWKONINB5'),
(441, '10.7.25.187', 'EQA', 'ACC PRESISI'),
(442, '10.7.25.188', 'DHCP', ''),
(443, '10.7.25.189', 'DHCP', 'SENSOR HONEYNET'),
(444, '10.7.25.190', 'DHCP', 'SENSOR HONEYNET'),
(445, '10.7.25.191', 'EQA', 'DOORLOCK'),
(446, '10.7.25.192', 'EQA', ''),
(447, '10.7.25.193', 'EQA', ''),
(448, '10.7.25.194', 'EQA', 'ATC KWH 11'),
(449, '10.7.25.195', 'EQA', 'ATC KWH 12'),
(450, '10.7.25.196', 'EQA', 'ATC KWH 13'),
(451, '10.7.25.197', 'EQA', 'ATC KWH 14'),
(452, '10.7.25.198', 'EQA', ''),
(453, '10.7.25.199', 'EQA', 'EMS SERVER'),
(454, '10.7.25.200', 'EQA', ''),
(455, '10.7.25.201', 'EQA', 'GITET'),
(456, '10.7.25.202', 'EQA', 'GITET'),
(457, '10.7.25.203', 'EQA', 'GITET'),
(458, '10.7.25.204', 'EQA', 'GITET'),
(459, '10.7.25.205', 'EQA', 'GITET'),
(460, '10.7.25.206', 'EQA', 'GITET'),
(461, '10.7.25.207', 'EQA', 'GITET'),
(462, '10.7.25.208', 'EQA', 'GITET'),
(463, '10.7.25.209', 'EQA', ''),
(464, '10.7.25.210', 'EQA', 'ROSAD'),
(465, '10.7.25.211', 'EQA', ''),
(466, '10.7.25.212', 'EQA', 'ABSENSI OVERHAUL PJBS'),
(467, '10.7.25.213', 'EQA', ''),
(468, '10.7.25.214', 'EQA', 'WLC 1'),
(469, '10.7.25.215', 'EQA', 'WLC 2'),
(470, '10.7.25.216', 'EQA', 'CNG'),
(471, '10.7.25.217', 'EQA', 'CNG'),
(472, '10.7.25.218', 'EQA', 'CNG'),
(473, '10.7.25.219', 'EQA', 'CNG'),
(474, '10.7.25.220', 'EQA', 'SERVER DOORLOCK'),
(475, '10.7.25.221', 'EQA', 'DOORLOCK'),
(476, '10.7.25.222', 'EQA', 'DOORLOCK'),
(477, '10.7.25.223', 'EQA', 'DOORLOCK'),
(478, '10.7.25.224', 'EQA', 'DOORLOCK'),
(479, '10.7.25.225', 'EQA', 'DOORLOCK'),
(480, '10.7.25.226', 'EQA', 'DOORLOCK'),
(481, '10.7.25.227', 'EQA', 'SWITCH'),
(482, '10.7.25.228', 'EQA', 'SWITCH'),
(483, '10.7.25.229', 'EQA', 'SWITCH'),
(484, '10.7.25.230', 'EQA', 'SWITCH'),
(485, '10.7.25.231', 'EQA', 'SWITCH'),
(486, '10.7.25.232', 'EQA', 'SWITCH'),
(487, '10.7.25.233', 'EQA', 'SWITCH'),
(488, '10.7.25.234', 'EQA', 'SWITCH'),
(489, '10.7.25.235', 'EQA', 'SWITCH'),
(490, '10.7.25.236', 'EQA', 'SWITCH'),
(491, '10.7.25.237', 'EQA', 'SWITCH'),
(492, '10.7.25.238', 'EQA', 'SWITCH'),
(493, '10.7.25.239', 'EQA', 'SWITCH'),
(494, '10.7.25.240', 'EQA', 'SWITCH'),
(495, '10.7.25.241', 'EQA', 'SWITCH'),
(496, '10.7.25.242', 'EQA', 'SWITCH'),
(497, '10.7.25.243', 'EQA', 'SWITCH'),
(498, '10.7.25.244', 'EQA', 'SWITCH'),
(499, '10.7.25.245', 'EQA', 'SWITCH'),
(500, '10.7.25.246', 'EQA', 'SWITCH'),
(501, '10.7.25.247', 'EQA', 'SWITCH'),
(502, '10.7.25.248', 'EQA', 'SWITCH'),
(503, '10.7.25.249', 'EQA', 'SWITCH'),
(504, '10.7.25.250', 'EQA', 'SWITCH'),
(505, '10.7.25.251', 'EQA', 'SWITCH'),
(506, '10.7.25.252', 'EQA', 'SWITCH'),
(507, '10.7.25.253', 'EQA', ''),
(508, '10.7.25.254', 'EQA', 'CCTV IDIAGNOSTIK - POS UTAMA'),
(509, '192.168.15.1', 'EQA', 'GATEWAY SEGMENT SERVER'),
(510, '192.168.15.2', 'EQA', ''),
(511, '192.168.15.3', 'EQA', ''),
(512, '192.168.15.4', 'EQA', 'SERVER PRTG - HOST'),
(513, '192.168.15.5', 'EQA', ''),
(514, '192.168.15.6', 'EQA', ''),
(515, '192.168.15.7', 'EQA', ''),
(516, '192.168.15.8', 'EQA', ''),
(517, '192.168.15.9', 'EQA', ''),
(518, '192.168.15.10', 'EQA', 'SERVER CAMPUR - HOST'),
(519, '192.168.15.11', 'EQA', ''),
(520, '192.168.15.12', 'EQA', ''),
(521, '192.168.15.13', 'EQA', ''),
(522, '192.168.15.14', 'EQA', ''),
(523, '192.168.15.15', 'EQA', 'SERVER UPMTW - HOST'),
(524, '192.168.15.16', 'EQA', ''),
(525, '192.168.15.17', 'EQA', ''),
(526, '192.168.15.18', 'EQA', ''),
(527, '192.168.15.19', 'EQA', 'SERVER ABSENSI KARYAWAN - HOST'),
(528, '192.168.15.20', 'EQA', ''),
(529, '192.168.15.21', 'EQA', 'SERVER MONITORING UPS 2 - HOST'),
(530, '192.168.15.22', 'EQA', 'SERVER MONITORING UPS 1 - HOST'),
(531, '192.168.15.23', 'EQA', ''),
(532, '192.168.15.24', 'EQA', 'SERVER IZAT - HOST'),
(533, '192.168.15.25', 'EQA', 'SERVER NAS - HOST'),
(534, '192.168.15.26', 'EQA', ''),
(535, '192.168.15.27', 'LOG', 'SERVER INTERLOGS - HOST'),
(536, '192.168.15.28', 'EQA', 'SERVER LDAP'),
(537, '192.168.15.29', 'EQA', 'SERVER FORESCOUT KP - HOST'),
(538, '192.168.15.30', 'EQA', 'SERVER LDAP (FORESCOUT)'),
(539, '192.168.15.31', 'EQA', 'SERVER VMWARE - HOST'),
(540, '192.168.15.32', 'EQA', 'SERVER PROXMOX 1 - HOST'),
(541, '192.168.15.33', 'EQA', 'SERVER SIRUPAT - VM'),
(542, '192.168.15.34', 'EQA', 'SERVER RENDALHAR - VM'),
(543, '192.168.15.35', 'EQA', 'SERVER CHAMBER - VM'),
(544, '192.168.15.36', 'EQA', 'SERVER APLIKASI ARSIP RENDALHAR - VM'),
(545, '192.168.15.37', 'EQA', ''),
(546, '192.168.15.38', 'EQA', 'SERVER SMILE LINK - VM'),
(547, '192.168.15.39', 'EQA', 'SERVER CNG - VM'),
(548, '192.168.15.40', 'EQA', 'SERVER PROXMOX (OPERASI) - HOST'),
(549, '192.168.15.41', 'EQA', ''),
(550, '192.168.15.42', 'EQA', 'SERVER ODVIEWER BLOK 5 - VM '),
(551, '192.168.15.43', 'EQA', 'SERVER APLIKASI CONSYS_OP - VM'),
(552, '192.168.15.44', 'EQA', 'SERVER APLIKASI ORIGAMI - VM'),
(553, '192.168.15.45', 'EQA', 'SERVER APLIKASI PTW - VM '),
(554, '192.168.15.46', 'EQA', 'SERVER SO APPS - VM'),
(555, '192.168.15.47', 'EQA', 'SERVER PRTG INFRA IT - VM'),
(556, '192.168.15.48', 'EQA', ''),
(557, '192.168.15.49', 'EQA', ''),
(558, '192.168.15.50', 'EQA', 'SERVER SOKET - HOST'),
(559, '192.168.15.51', 'EQA', 'SERVER GRAFANA - HOST'),
(560, '192.168.15.52', 'EQA', 'SERVER GRAFANA2 - HOST'),
(561, '192.168.15.53', 'EQA', ''),
(562, '192.168.15.54', 'EQA', ''),
(563, '192.168.15.55', 'EQA', 'SERVER NAC INTEGRASI KP - HOST'),
(564, '192.168.15.56', 'EQA', ''),
(565, '192.168.15.57', 'EQA', ''),
(566, '192.168.15.58', 'EQA', ''),
(567, '192.168.15.59', 'EQA', ''),
(568, '192.168.15.60', 'EQA', ''),
(569, '192.168.15.61', 'EQA', ''),
(570, '192.168.15.62', 'EQA', ''),
(571, '192.168.15.63', 'EQA', ''),
(572, '192.168.15.64', 'EQA', ''),
(573, '192.168.15.65', 'EQA', 'SERVER IDIAGNOSTIK - HOST'),
(574, '192.168.15.66', 'EQA', ''),
(575, '192.168.15.67', 'EQA', ''),
(576, '192.168.15.68', 'EQA', ''),
(577, '192.168.15.69', 'EQA', ''),
(578, '192.168.15.70', 'EQA', ''),
(579, '192.168.15.71', 'EQA', ''),
(580, '192.168.15.72', 'EQA', ''),
(581, '192.168.15.73', 'EQA', ''),
(582, '192.168.15.74', 'EQA', ''),
(583, '192.168.15.75', 'EQA', 'SERVER PROXMOX 2 - HOST'),
(584, '192.168.15.76', 'EQA', 'SERVER MASTER VM - VM'),
(585, '192.168.15.77', 'EQA', 'SERVER PRTG IoT - VM'),
(586, '192.168.15.78', 'EQA', ''),
(587, '192.168.15.79', 'EQA', ''),
(588, '192.168.15.80', 'EQA', ''),
(589, '192.168.15.81', 'EQA', ''),
(590, '192.168.15.82', 'EQA', ''),
(591, '192.168.15.83', 'EQA', ''),
(592, '192.168.15.84', 'EQA', ''),
(593, '192.168.15.85', 'EQA', ''),
(594, '192.168.15.86', 'EQA', ''),
(595, '192.168.15.87', 'EQA', ''),
(596, '192.168.15.88', 'EQA', 'SERVER MOSCOW - VM'),
(597, '192.168.15.89', 'EQA', ''),
(598, '192.168.15.90', 'EQA', ''),
(599, '192.168.15.91', 'EQA', ''),
(600, '192.168.15.92', 'EQA', ''),
(601, '192.168.15.93', 'EQA', ''),
(602, '192.168.15.94', 'EQA', ''),
(603, '192.168.15.95', 'EQA', ''),
(604, '192.168.15.96', 'EQA', ''),
(605, '192.168.15.97', 'EQA', ''),
(606, '192.168.15.98', 'EQA', ''),
(607, '192.168.15.99', 'EQA', ''),
(608, '192.168.15.100', 'EQA', ''),
(609, '192.168.15.101', 'EQA', ''),
(610, '192.168.15.102', 'EQA', ''),
(611, '192.168.15.103', 'EQA', ''),
(612, '192.168.15.104', 'EQA', ''),
(613, '192.168.15.105', 'EQA', ''),
(614, '192.168.15.106', 'EQA', ''),
(615, '192.168.15.107', 'EQA', ''),
(616, '192.168.15.108', 'EQA', ''),
(617, '192.168.15.109', 'EQA', ''),
(618, '192.168.15.110', 'EQA', ''),
(619, '192.168.15.111', 'EQA', ''),
(620, '192.168.15.112', 'EQA', ''),
(621, '192.168.15.113', 'EQA', ''),
(622, '192.168.15.114', 'EQA', ''),
(623, '192.168.15.115', 'EQA', ''),
(624, '192.168.15.116', 'EQA', ''),
(625, '192.168.15.117', 'EQA', ''),
(626, '192.168.15.118', 'EQA', ''),
(627, '192.168.15.119', 'EQA', ''),
(628, '192.168.15.120', 'EQA', ''),
(629, '192.168.15.121', 'EQA', ''),
(630, '192.168.15.122', 'EQA', ''),
(631, '192.168.15.123', 'EQA', ''),
(632, '192.168.15.124', 'EQA', ''),
(633, '192.168.15.125', 'EQA', ''),
(634, '192.168.15.126', 'EQA', ''),
(635, '192.168.15.127', 'EQA', ''),
(636, '192.168.15.128', 'EQA', ''),
(637, '192.168.15.129', 'EQA', ''),
(638, '192.168.15.130', 'EQA', ''),
(639, '192.168.15.131', 'EQA', ''),
(640, '192.168.15.132', 'EQA', ''),
(641, '192.168.15.133', 'EQA', ''),
(642, '192.168.15.134', 'EQA', ''),
(643, '192.168.15.135', 'EQA', ''),
(644, '192.168.15.136', 'EQA', ''),
(645, '192.168.15.137', 'EQA', ''),
(646, '192.168.15.138', 'EQA', ''),
(647, '192.168.15.139', 'EQA', ''),
(648, '192.168.15.140', 'EQA', ''),
(649, '192.168.15.141', 'EQA', ''),
(650, '192.168.15.142', 'EQA', ''),
(651, '192.168.15.143', 'EQA', ''),
(652, '192.168.15.144', 'EQA', ''),
(653, '192.168.15.145', 'EQA', ''),
(654, '192.168.15.146', 'EQA', ''),
(655, '192.168.15.147', 'EQA', 'SERVER PRTG INFRA-IT'),
(656, '192.168.15.148', 'EQA', ''),
(657, '192.168.15.149', 'EQA', ''),
(658, '192.168.15.150', 'EQA', ''),
(659, '192.168.15.151', 'EQA', ''),
(660, '192.168.15.152', 'EQA', ''),
(661, '192.168.15.153', 'EQA', ''),
(662, '192.168.15.154', 'EQA', ''),
(663, '192.168.15.155', 'EQA', ''),
(664, '192.168.15.156', 'EQA', ''),
(665, '192.168.15.157', 'EQA', ''),
(666, '192.168.15.158', 'EQA', ''),
(667, '192.168.15.159', 'EQA', ''),
(668, '192.168.15.160', 'EQA', ''),
(669, '192.168.15.161', 'EQA', ''),
(670, '192.168.15.162', 'EQA', ''),
(671, '192.168.15.163', 'EQA', ''),
(672, '192.168.15.164', 'EQA', ''),
(673, '192.168.15.165', 'EQA', ''),
(674, '192.168.15.166', 'EQA', ''),
(675, '192.168.15.167', 'EQA', ''),
(676, '192.168.15.168', 'EQA', ''),
(677, '192.168.15.169', 'EQA', ''),
(678, '192.168.15.170', 'EQA', ''),
(679, '192.168.15.171', 'EQA', ''),
(680, '192.168.15.172', 'EQA', ''),
(681, '192.168.15.173', 'EQA', ''),
(682, '192.168.15.174', 'EQA', ''),
(683, '192.168.15.175', 'EQA', ''),
(684, '192.168.15.176', 'EQA', ''),
(685, '192.168.15.177', 'EQA', ''),
(686, '192.168.15.178', 'EQA', ''),
(687, '192.168.15.179', 'EQA', ''),
(688, '192.168.15.180', 'EQA', ''),
(689, '192.168.15.181', 'EQA', ''),
(690, '192.168.15.182', 'EQA', ''),
(691, '192.168.15.183', 'EQA', ''),
(692, '192.168.15.184', 'EQA', ''),
(693, '192.168.15.185', 'EQA', ''),
(694, '192.168.15.186', 'EQA', ''),
(695, '192.168.15.187', 'EQA', ''),
(696, '192.168.15.188', 'EQA', ''),
(697, '192.168.15.189', 'EQA', ''),
(698, '192.168.15.190', 'EQA', ''),
(699, '192.168.15.191', 'EQA', ''),
(700, '192.168.15.192', 'EQA', ''),
(701, '192.168.15.193', 'EQA', ''),
(702, '192.168.15.194', 'EQA', ''),
(703, '192.168.15.195', 'EQA', ''),
(704, '192.168.15.196', 'EQA', ''),
(705, '192.168.15.197', 'EQA', ''),
(706, '192.168.15.198', 'EQA', ''),
(707, '192.168.15.199', 'EQA', ''),
(708, '192.168.15.200', 'EQA', ''),
(709, '192.168.15.201', 'EQA', ''),
(710, '192.168.15.202', 'EQA', ''),
(711, '192.168.15.203', 'EQA', ''),
(712, '192.168.15.204', 'EQA', ''),
(713, '192.168.15.205', 'EQA', ''),
(714, '192.168.15.206', 'EQA', ''),
(715, '192.168.15.207', 'EQA', ''),
(716, '192.168.15.208', 'EQA', ''),
(717, '192.168.15.209', 'EQA', ''),
(718, '192.168.15.210', 'EQA', ''),
(719, '192.168.15.211', 'EQA', ''),
(720, '192.168.15.212', 'EQA', ''),
(721, '192.168.15.213', 'EQA', ''),
(722, '192.168.15.214', 'EQA', ''),
(723, '192.168.15.215', 'EQA', ''),
(724, '192.168.15.216', 'EQA', ''),
(725, '192.168.15.217', 'EQA', ''),
(726, '192.168.15.218', 'EQA', ''),
(727, '192.168.15.219', 'EQA', ''),
(728, '192.168.15.220', 'EQA', ''),
(729, '192.168.15.221', 'EQA', ''),
(730, '192.168.15.222', 'EQA', ''),
(731, '192.168.15.223', 'EQA', ''),
(732, '192.168.15.224', 'EQA', ''),
(733, '192.168.15.225', 'EQA', ''),
(734, '192.168.15.226', 'EQA', ''),
(735, '192.168.15.227', 'EQA', ''),
(736, '192.168.15.228', 'EQA', ''),
(737, '192.168.15.229', 'EQA', ''),
(738, '192.168.15.230', 'EQA', ''),
(739, '192.168.15.231', 'EQA', ''),
(740, '192.168.15.232', 'EQA', ''),
(741, '192.168.15.233', 'EQA', ''),
(742, '192.168.15.234', 'EQA', ''),
(743, '192.168.15.235', 'EQA', ''),
(744, '192.168.15.236', 'EQA', ''),
(745, '192.168.15.237', 'EQA', ''),
(746, '192.168.15.238', 'EQA', ''),
(747, '192.168.15.239', 'EQA', ''),
(748, '192.168.15.240', 'EQA', ''),
(749, '192.168.15.241', 'EQA', ''),
(750, '192.168.15.242', 'EQA', ''),
(751, '192.168.15.243', 'EQA', ''),
(752, '192.168.15.244', 'EQA', ''),
(753, '192.168.15.245', 'EQA', ''),
(754, '192.168.15.246', 'EQA', ''),
(755, '192.168.15.247', 'EQA', ''),
(756, '192.168.15.248', 'EQA', ''),
(757, '192.168.15.249', 'EQA', ''),
(758, '192.168.15.250', 'EQA', ''),
(759, '192.168.15.251', 'EQA', ''),
(760, '192.168.15.252', 'EQA', ''),
(761, '192.168.15.253', 'EQA', ''),
(762, '192.168.15.254', 'EQA', ''),
(763, '10.7.45.1', '', ''),
(764, '10.7.45.2', '', ''),
(765, '10.7.45.3', '', ''),
(766, '10.7.45.4', '', ''),
(767, '10.7.45.5', '', ''),
(768, '10.7.45.6', '', ''),
(769, '10.7.45.7', '', ''),
(770, '10.7.45.8', '', ''),
(771, '10.7.45.9', '', ''),
(772, '10.7.45.10', '', ''),
(773, '10.7.45.11', '', 'EQA-APGUDANG1'),
(774, '10.7.45.12', '', 'EQA-APCCRCNG'),
(775, '10.7.45.13', '', 'EQA-APMMRK'),
(776, '10.7.45.14', '', ''),
(777, '10.7.45.15', '', ''),
(778, '10.7.45.16', '', ''),
(779, '10.7.45.17', '', ''),
(780, '10.7.45.18', '', ''),
(781, '10.7.45.19', '', ''),
(782, '10.7.45.20', '', ''),
(783, '10.7.45.21', '', ''),
(784, '10.7.45.22', '', ''),
(785, '10.7.45.23', '', ''),
(786, '10.7.45.24', '', ''),
(787, '10.7.45.25', '', ''),
(788, '10.7.45.26', '', ''),
(789, '10.7.45.27', '', ''),
(790, '10.7.45.28', '', ''),
(791, '10.7.45.29', '', ''),
(792, '10.7.45.30', '', ''),
(793, '10.7.45.31', '', ''),
(794, '10.7.45.32', '', ''),
(795, '10.7.45.33', '', ''),
(796, '10.7.45.34', '', ''),
(797, '10.7.45.35', '', ''),
(798, '10.7.45.36', '', ''),
(799, '10.7.45.37', '', ''),
(800, '10.7.45.38', '', ''),
(801, '10.7.45.39', '', ''),
(802, '10.7.45.40', '', ''),
(803, '10.7.45.41', '', ''),
(804, '10.7.45.42', '', ''),
(805, '10.7.45.43', '', ''),
(806, '10.7.45.44', '', ''),
(807, '10.7.45.45', '', ''),
(808, '10.7.45.46', '', ''),
(809, '10.7.45.47', '', ''),
(810, '10.7.45.48', '', ''),
(811, '10.7.45.49', '', ''),
(812, '10.7.45.50', '', ''),
(813, '10.7.45.51', '', ''),
(814, '10.7.45.52', '', ''),
(815, '10.7.45.53', '', ''),
(816, '10.7.45.54', '', ''),
(817, '10.7.45.55', '', ''),
(818, '10.7.45.56', '', ''),
(819, '10.7.45.57', '', ''),
(820, '10.7.45.58', '', ''),
(821, '10.7.45.59', '', ''),
(822, '10.7.45.60', '', ''),
(823, '10.7.45.61', '', ''),
(824, '10.7.45.62', '', ''),
(825, '10.7.45.63', '', ''),
(826, '10.7.45.64', '', ''),
(827, '10.7.45.65', '', ''),
(828, '10.7.45.66', '', ''),
(829, '10.7.45.67', '', ''),
(830, '10.7.45.68', '', ''),
(831, '10.7.45.69', '', ''),
(832, '10.7.45.70', '', ''),
(833, '10.7.45.71', '', ''),
(834, '10.7.45.72', '', ''),
(835, '10.7.45.73', '', ''),
(836, '10.7.45.74', '', ''),
(837, '10.7.45.75', '', ''),
(838, '10.7.45.76', '', ''),
(839, '10.7.45.77', '', ''),
(840, '10.7.45.78', '', ''),
(841, '10.7.45.79', '', ''),
(842, '10.7.45.80', '', ''),
(843, '10.7.45.81', '', ''),
(844, '10.7.45.82', '', ''),
(845, '10.7.45.83', '', ''),
(846, '10.7.45.84', '', ''),
(847, '10.7.45.85', '', ''),
(848, '10.7.45.86', '', ''),
(849, '10.7.45.87', '', ''),
(850, '10.7.45.88', '', ''),
(851, '10.7.45.89', '', ''),
(852, '10.7.45.90', '', ''),
(853, '10.7.45.91', '', ''),
(854, '10.7.45.92', '', ''),
(855, '10.7.45.93', '', ''),
(856, '10.7.45.94', '', ''),
(857, '10.7.45.95', '', ''),
(858, '10.7.45.96', '', ''),
(859, '10.7.45.97', '', ''),
(860, '10.7.45.98', '', ''),
(861, '10.7.45.99', '', ''),
(862, '10.7.45.100', '', ''),
(863, '10.7.45.101', '', 'DHCP'),
(864, '10.7.45.102', '', 'DHCP'),
(865, '10.7.45.103', '', 'DHCP'),
(866, '10.7.45.104', '', 'DHCP'),
(867, '10.7.45.105', '', 'SERVER RAMDOC BLOK 1-2'),
(868, '10.7.45.106', '', 'DHCP'),
(869, '10.7.45.107', '', 'DHCP'),
(870, '10.7.45.108', '', 'DHCP'),
(871, '10.7.45.109', '', 'DHCP'),
(872, '10.7.45.110', '', 'DHCP'),
(873, '10.7.45.111', '', 'DHCP'),
(874, '10.7.45.112', '', 'DHCP'),
(875, '10.7.45.113', '', 'DHCP'),
(876, '10.7.45.114', '', 'DHCP'),
(877, '10.7.45.115', '', 'DHCP'),
(878, '10.7.45.116', '', 'DHCP'),
(879, '10.7.45.117', '', 'DHCP'),
(880, '10.7.45.118', '', 'DHCP'),
(881, '10.7.45.119', '', 'DHCP'),
(882, '10.7.45.120', '', 'DHCP'),
(883, '10.7.45.121', '', 'DHCP'),
(884, '10.7.45.122', '', 'DHCP'),
(885, '10.7.45.123', '', 'DHCP'),
(886, '10.7.45.124', '', 'DHCP'),
(887, '10.7.45.125', '', 'DHCP'),
(888, '10.7.45.126', '', 'DHCP'),
(889, '10.7.45.127', '', 'DHCP'),
(890, '10.7.45.128', '', 'DHCP'),
(891, '10.7.45.129', '', 'DHCP'),
(892, '10.7.45.130', '', 'DHCP'),
(893, '10.7.45.131', '', 'DHCP'),
(894, '10.7.45.132', '', 'DHCP'),
(895, '10.7.45.133', '', 'DHCP'),
(896, '10.7.45.134', '', 'DHCP'),
(897, '10.7.45.135', '', 'DHCP'),
(898, '10.7.45.136', '', 'DHCP'),
(899, '10.7.45.137', '', 'DHCP'),
(900, '10.7.45.138', '', 'DHCP'),
(901, '10.7.45.139', '', 'DHCP'),
(902, '10.7.45.140', '', 'DHCP'),
(903, '10.7.45.141', '', 'DHCP'),
(904, '10.7.45.142', '', 'DHCP'),
(905, '10.7.45.143', '', 'DHCP'),
(906, '10.7.45.144', '', 'DHCP'),
(907, '10.7.45.145', '', 'DHCP'),
(908, '10.7.45.146', '', 'DHCP'),
(909, '10.7.45.147', '', 'DHCP'),
(910, '10.7.45.148', '', 'DHCP'),
(911, '10.7.45.149', '', 'DHCP'),
(912, '10.7.45.150', '', 'DHCP'),
(913, '10.7.45.151', '', 'DHCP'),
(914, '10.7.45.152', '', 'DHCP'),
(915, '10.7.45.153', '', 'DHCP'),
(916, '10.7.45.154', '', 'DHCP'),
(917, '10.7.45.155', '', 'DHCP'),
(918, '10.7.45.156', '', 'DHCP'),
(919, '10.7.45.157', '', 'DHCP'),
(920, '10.7.45.158', '', 'DHCP'),
(921, '10.7.45.159', '', 'DHCP'),
(922, '10.7.45.160', '', 'DHCP'),
(923, '10.7.45.161', '', 'DHCP'),
(924, '10.7.45.162', '', 'DHCP'),
(925, '10.7.45.163', '', 'DHCP'),
(926, '10.7.45.164', '', 'DHCP'),
(927, '10.7.45.165', '', 'DHCP'),
(928, '10.7.45.166', '', 'DHCP'),
(929, '10.7.45.167', '', 'DHCP'),
(930, '10.7.45.168', '', 'DHCP'),
(931, '10.7.45.169', '', 'DHCP'),
(932, '10.7.45.170', '', 'DHCP'),
(933, '10.7.45.171', '', 'DHCP'),
(934, '10.7.45.172', '', 'DHCP'),
(935, '10.7.45.173', '', 'DHCP'),
(936, '10.7.45.174', '', 'DHCP'),
(937, '10.7.45.175', '', 'DHCP'),
(938, '10.7.45.176', '', 'DHCP'),
(939, '10.7.45.177', '', 'DHCP'),
(940, '10.7.45.178', '', 'DHCP'),
(941, '10.7.45.179', '', 'DHCP'),
(942, '10.7.45.180', '', 'DHCP'),
(943, '10.7.45.181', '', 'DHCP'),
(944, '10.7.45.182', '', 'DHCP'),
(945, '10.7.45.183', '', 'DHCP'),
(946, '10.7.45.184', '', 'DHCP'),
(947, '10.7.45.185', '', 'DHCP'),
(948, '10.7.45.186', '', 'DHCP'),
(949, '10.7.45.187', '', 'DHCP'),
(950, '10.7.45.188', '', 'DHCP'),
(951, '10.7.45.189', '', 'DHCP'),
(952, '10.7.45.190', '', 'DHCP'),
(953, '10.7.45.191', '', 'DHCP'),
(954, '10.7.45.192', '', 'DHCP'),
(955, '10.7.45.193', '', 'DHCP'),
(956, '10.7.45.194', '', 'DHCP'),
(957, '10.7.45.195', '', 'DHCP'),
(958, '10.7.45.196', '', 'DHCP'),
(959, '10.7.45.197', '', 'DHCP'),
(960, '10.7.45.198', '', 'DHCP'),
(961, '10.7.45.199', '', 'DHCP'),
(962, '10.7.45.200', '', 'DHCP'),
(963, '10.7.45.201', '', ''),
(964, '10.7.45.202', '', ''),
(965, '10.7.45.203', '', ''),
(966, '10.7.45.204', '', ''),
(967, '10.7.45.205', '', ''),
(968, '10.7.45.206', '', ''),
(969, '10.7.45.207', '', ''),
(970, '10.7.45.208', '', ''),
(971, '10.7.45.209', '', ''),
(972, '10.7.45.210', '', ''),
(973, '10.7.45.211', '', ''),
(974, '10.7.45.212', '', ''),
(975, '10.7.45.213', '', ''),
(976, '10.7.45.214', '', ''),
(977, '10.7.45.215', '', ''),
(978, '10.7.45.216', '', ''),
(979, '10.7.45.217', '', ''),
(980, '10.7.45.218', '', ''),
(981, '10.7.45.219', '', ''),
(982, '10.7.45.220', '', ''),
(983, '10.7.45.221', '', ''),
(984, '10.7.45.222', '', ''),
(985, '10.7.45.223', '', ''),
(986, '10.7.45.224', '', ''),
(987, '10.7.45.225', '', ''),
(988, '10.7.45.226', '', ''),
(989, '10.7.45.227', '', ''),
(990, '10.7.45.228', '', ''),
(991, '10.7.45.229', '', ''),
(992, '10.7.45.230', '', ''),
(993, '10.7.45.231', '', ''),
(994, '10.7.45.232', '', ''),
(995, '10.7.45.233', '', ''),
(996, '10.7.45.234', '', ''),
(997, '10.7.45.235', '', ''),
(998, '10.7.45.236', '', ''),
(999, '10.7.45.237', '', ''),
(1000, '10.7.45.238', '', ''),
(1001, '10.7.45.239', '', ''),
(1002, '10.7.45.240', '', ''),
(1003, '10.7.45.241', '', ''),
(1004, '10.7.45.242', '', ''),
(1005, '10.7.45.243', '', ''),
(1006, '10.7.45.244', '', ''),
(1007, '10.7.45.245', '', ''),
(1008, '10.7.45.246', '', ''),
(1009, '10.7.45.247', '', ''),
(1010, '10.7.45.248', '', ''),
(1011, '10.7.45.249', '', ''),
(1012, '10.7.45.250', '', ''),
(1013, '10.7.45.251', '', ''),
(1014, '10.7.45.252', '', ''),
(1015, '10.7.45.253', '', ''),
(1016, '10.7.45.254', 'EQA', '');

-- --------------------------------------------------------

--
-- Table structure for table `jabatan`
--

CREATE TABLE `jabatan` (
  `jabatan_id` bigint(20) NOT NULL,
  `jabatan_name` varchar(255) NOT NULL
) ENGINE=InnoDB DEFAULT CHARSET=utf8mb4;

--
-- Dumping data for table `jabatan`
--

INSERT INTO `jabatan` (`jabatan_id`, `jabatan_name`) VALUES
(1, 'Senior Manager'),
(2, 'Manager'),
(3, 'Asisten Manager'),
(5, 'Senior Technician'),
(6, 'Technician'),
(7, 'Junior Technician'),
(8, 'Senior Officer'),
(9, 'Officer'),
(10, 'Junior Officer'),
(11, 'Spesialis'),
(12, 'Tenaga Alih Daya');

-- --------------------------------------------------------

--
-- Table structure for table `komputer`
--

CREATE TABLE `komputer` (
  `komp_id` bigint(20) NOT NULL,
  `id_perangkat` varchar(200) DEFAULT NULL,
  `hostname` varchar(300) DEFAULT NULL,
  `merk_type` varchar(300) DEFAULT NULL,
  `port` varchar(300) DEFAULT NULL,
  `kategori` varchar(300) DEFAULT NULL,
  `user_id` bigint(20) DEFAULT NULL,
  `ip_id` bigint(20) DEFAULT NULL,
  `lokasi` varchar(300) DEFAULT NULL,
  `referensi` varchar(300) DEFAULT NULL,
  `os_id` bigint(20) DEFAULT NULL,
  `inventaris` varchar(300) DEFAULT NULL,
  `status` varchar(300) DEFAULT NULL,
  `penggunaan` varchar(300) DEFAULT NULL,
  `keterangan` varchar(300) DEFAULT NULL,
  `mac` varchar(300) CHARACTER SET utf8 DEFAULT NULL,
  `macc` varchar(300) CHARACTER SET utf8 DEFAULT NULL,
  `tahun` varchar(300) DEFAULT NULL
) ENGINE=InnoDB DEFAULT CHARSET=utf8mb4;

--
-- Dumping data for table `komputer`
--

INSERT INTO `komputer` (`komp_id`, `id_perangkat`, `hostname`, `merk_type`, `port`, `kategori`, `user_id`, `ip_id`, `lokasi`, `referensi`, `os_id`, `inventaris`, `status`, `penggunaan`, `keterangan`, `mac`, `macc`, `tahun`) VALUES
(1, 'BLM-TAU', 'GM-NOTE', NULL, 'SWKMN-07', NULL, 0, 463, 'SATPAMDEPAN', NULL, 0, NULL, NULL, NULL, NULL, NULL, NULL, NULL),
(2, 'BLM-TAU2', 'GM-NOTE', '', 'SWADM2B-01', '', 96, 0, 'GM', '', 0, '', '', '', '', '', '1078.D256.17F1', ''),
(3, 'CUPPjb', 'CUPPjb', '', 'SWDISPMT1-02', 'Server', 91, 259, '', 'DINAS', 0, '', 'DINAS', 'S', '', '', '', ''),
(4, 'EQA-ABSENSI-UPHB', 'EQA-ABSENSI-UPHB', '', 'UNKNOWN', 'Internet Of Things', 101, 240, 'UPHB', 'UPHB', 0, '', 'UPHB', 'K', '', '', '', ''),
(5, 'EQA-DOORADM', 'EQA-DOORADM', '', 'SWENJA-35', 'Internet Of Things', 91, 475, 'TI', 'DINAS', 0, '', 'DINAS', 'T', '', '00:13:57:00:4e:ec', '', ''),
(6, 'EQA-DOORCNG', 'EQA-DOORCNG', '', '', 'Internet Of Things', 91, 445, 'CNG', 'DINAS', 0, '', '', '', '', '', '', ''),
(7, 'EQA-DOORDESAL', 'EQA-DOORDESAL', '', 'SWDSL-05', 'Internet Of Things', 91, 479, 'DESAL', 'DINAS', 0, '', 'DINAS', 'T', '', '00:13:57:00:4e:f2', '', ''),
(8, 'EQA-DOORENJ', 'EQA-DOORENJ', '', 'SWADM1C-46', 'Internet Of Things', 91, 476, 'SERVER', 'DINAS', 0, '', 'DINAS', 'T', '', '00:13:57:00:86:25', '', ''),
(9, 'EQA-DOORGUDANG', 'EQA-DOORGUDANG', '', 'SWGDG-11', 'Internet Of Things', 97, 477, 'GUDANG', 'DINAS', 0, '', 'DINAS', 'T', '', '00:13:57:00:4e:fd', '', ''),
(10, 'EQA-DOORMCR', 'EQA-DOORMCR', '', '', 'Internet Of Things', 91, 478, 'MCR3', 'DINAS', 0, '', 'DINAS', 'T', 'CEK FISIK DI LOKASI', '00:13:57:00:4e:f6', '', ''),
(11, 'EQA-DOORMDL', 'EQA-DOORMDL', '', 'SWMDL-03', 'Internet Of Things', 91, 480, 'GT12', 'DINAS', 0, '', 'DINAS', 'T', '', '00:13:57:00:86:26', '', ''),
(12, 'EQA-FERESCOUT01', 'EQA-LDAP', '', '', 'Server', 0, 536, 'SERVER', 'DINAS', 0, '', 'DINAS', '', '', '', '', ''),
(13, 'EQA-FERESCOUT02', 'EQA-WIN XP', '', '', 'Server', 0, 537, 'SERVER', 'DINAS', 0, '', 'DINAS', '', '', '', '', ''),
(14, 'EQA-FERESCOUT03', 'EQA-FORESSCOUT', '', '', 'Server', 0, 538, 'SERVER', 'DINAS', 0, '', 'DINAS', '', '', '', '', ''),
(15, 'EQA-FERESCOUT04', 'EQA-ESXI6.0', '', '', 'Server', 0, 539, 'SERVER', 'DINAS', 0, '', 'DINAS', '', '', '', '', ''),
(16, 'EQA-FERESCOUT05', 'EQA-ILONETWORK', '', '', 'Server', 0, 540, 'SERVER', 'DINAS', 0, '', 'DINAS', '', '', '', '', ''),
(17, 'EQA-FIREWALL', 'EQA-FIREWALL', '', 'SWSRV-01', 'Server', 91, 509, 'SERVER', 'DINAS', 0, '', 'DINAS', 'S', '', '00:22:19:6e:05:3f', '', ''),
(18, 'EQA-HDDLING', 'EQA-HDDLING', '', 'SWADM1C-15', 'Internet Of Things', 98, 402, 'SERVER', 'DINAS', 3, '', 'DINAS', 'K', '', '00:90:a9:d6:43:01', '', ''),
(19, 'EQA-INPUT GDG LMBH', 'EQA-INPUT GDG LMBH', '', '', 'Server', 0, 444, 'GUDANG', '', 0, '', '', '', '', 'b8:27:eb:16:48:3e', '', ''),
(20, 'EQA-INTERLOG', 'EQA-INTERLOG', '', '', 'Server', 0, 535, 'SERVER', 'DINAS', 0, '', 'DINAS', 'S', '', '', '', ''),
(21, 'EQA-NOTE-SO', 'EQA-NOTE-SO', '', 'WLC-0', 'Laptop', 91, 0, 'SO', 'DINAS', 9, '', 'DINAS', 'K', '', '', '', ''),
(22, 'EQA-POIN TO POIN1', 'EQA-POIN TO POIN1', '', 'SWENJA-46', 'Internet Of Things', 0, 0, '', '', 0, '', '', 'T', '', '00:27:22:84:f9:00', '0027.2284.f743', ''),
(23, 'EQA-POIN TO POIN2', 'EQA-POIN TO POIN2', '', 'SWENJA-46', 'Internet Of Things', 0, 0, '', '', 0, '', '', 'T', '', '00:27:22:84:f9:00', '', ''),
(24, 'EQA-PRINTERSO', 'EQA-PRINTERSO', '', 'SWADM2C-12', 'Internet Of Things', 91, 111, 'SO', 'DINAS', 7, '', 'DINAS', 'K', 'UNTUK SHARED PRINTER SO', '30:85:a9:46:c1:a5', '', ''),
(25, 'EQA-ROUTER', 'EQA-ROUTER', '', 'SWDISPMT1-20', 'Internet Of Things', 91, 1, 'SERVER', 'SDBS', 0, '', 'SDBS', 'S', '', '00:07:eb:32:c1:5a', '', ''),
(26, 'EQA-SAIFUL', 'EQA-SAIFUL', '', 'SWADM2C-06', 'Desktop', 102, 245, 'TI', 'PRIBADI', 8, '', 'DINAS', 'E', '', '10:78:D2:53:A0:2B', '1078.d253.a0db', ''),
(27, 'EQA-SERVER4', 'EQA-SERVER4', '', '', 'Server', 91, 721, 'SERVER', 'DINAS', 4, '', 'DINAS', 'S', '', 'a0:2b:b8:1f:95:0', '', ''),
(28, 'EQA-SERVERABSENSI', 'EQA-SERVERABSENSI', '', 'SWSRV-42', 'Server', 91, 527, 'SERVER', 'DINAS', 0, '', 'DINAS', 'S', '', '1c:1b:0d:de:b9:a2', '', ''),
(29, 'EQA-SERVERDOORLOCK', 'EQA-SERVERDOORLOCK', '', 'SWADM2A-07', 'Server', 0, 839, 'TI', 'DINAS', 0, '', '', '', 'SERVERDOORLOCK', '', '', ''),
(30, 'EQA-SERVERIZAT', '', '', '', 'Server', 0, 532, '', 'DINAS', 0, '', 'DINAS', '', '', '', '', ''),
(31, 'EQA-SERVERLAN', 'EQA-SERVERLAN', '', '', 'Server', 91, 509, 'SERVER', 'DINAS', 4, '', 'DINAS', 'S', '', '', '', ''),
(32, 'EQA-SERVERMTW', 'EQA-SERVERMTW', '', 'SWSRV-38', 'Server', 92, 523, 'SERVER', 'DINAS', 4, '', 'DINAS', 'S', '', 'a0:2b:b8:1f:97:08', '', ''),
(33, 'EQA-SERVERMTW-OLD', 'EQA-SERVERMTW-OLD', '', 'SWSRV-38', 'Server', 91, 523, 'SERVER', 'DINAS', 0, '', 'DINAS', 'S', '', '00:15:17:26:e4:0a', '', ''),
(34, 'EQA-SERVERNAS01', '', '', '', 'Server', 0, 533, 'SERVER', 'DINAS', 0, '', 'DINAS', 'S', '', '', '', ''),
(35, 'EQA-SERVERNAS02', '', '', '', 'Server', 0, 534, 'SERVER', 'DINAS', 0, '', 'DINAS', 'S', '', '', '', ''),
(36, 'EQA-SERVEROA', 'EQA-SERVEROA', '', 'SWSRV-37', 'Server', 91, 715, 'SERVER', 'DINAS', 4, '', 'DINAS', 'S', '', 'a0:2b:b8:1f:98:d0', '', ''),
(37, 'EQA-SERVERSP', 'EQA-SERVERSP', '', 'SWSRV-35', 'Server', 103, 518, 'SERVER', 'DINAS', 0, '', 'SP', 'S', '', '10:60:4b:72:e0:d2', '', ''),
(38, 'EQA-SO', 'EQA-SO', '', '', 'Internet Of Things', 0, 232, 'SERVER', 'DINAS', 0, '', 'DINAS', '', 'HDD SERVER SO', '00:90:a9:b2:95:c0', '', ''),
(39, 'EQA-SYAIFULLOH', 'EQA-MMRK', '', 'SWADM2A-09', 'Desktop', 93, 245, '', 'DINAS', 5, 'DINAS/2016', 'DINAS', 'K', '', '1e:85:d3:bb:3e:6f', 'dc85.debb.3e6f', ''),
(40, 'EQA-UPHBFINGER', 'EQA-UPHBFINGER', '', 'UNKNOWN', 'Internet Of Things', 0, 0, 'UPHB', '', 0, '', '', 'T', '', 'bc:ee:7b:b4:f7:0e', 'bcee.7bb4.f70e', ''),
(41, 'EQA-UPS1', 'EQA-UPS1', '', 'SWSRV-46', 'Internet Of Things', 104, 529, 'SERVER', 'DINAS', 0, '', 'DINAS', 'T', '', '00:20:85:f5:bf:2d', '', ''),
(42, 'EQA-UPS2', 'EQA-UPS2', '', 'SWSRV-48', 'Internet Of Things', 91, 530, 'SERVER', 'DINAS', 0, '', 'DINAS', 'T', '', '00:20:85:f5:bf:2a', '', ''),
(43, 'EQA-VISITOR COUNTER1', 'EQA-VISITOR COUNTER2', '', '', 'Server', 0, 442, 'KEAMANAN', '', 0, '', '', '', '', '', '', ''),
(44, 'EQA-VISITOR COUNTER2', 'EQA-VISITOR COUNTER2', '', '', '', 0, 443, 'KEAMANAN', '', 0, '', '', '', '', '', '', ''),
(45, 'EQA-WLC01', 'EQA-WLC01', '', 'SWCORE1-04', 'Server', 91, 468, '', 'DINAS', 0, '', 'DINAS', 'S', '', '', '', ''),
(46, 'EQA-WLC02', 'EQA-WLC02', '', 'SWCORE1-03', 'Server', 91, 469, '', 'DINAS', 0, '', 'DINAS', 'S', '', '', '', ''),
(47, 'HAR-ALFIAN', 'HAR-ALFIAN', '', 'SWBKL-02', 'Desktop', 94, 0, 'BENGKELMEKANIK', 'DINAS', 3, 'DINAS', 'DINAS', 'K', '', 'dc:fe:07:05:62:e5', '606d.c7d2.a573', '2016'),
(48, 'HAR-ARI', 'HAR-ARI', '', 'WLC-0', 'Desktop', 94, 0, 'BENGKELMEKANIK', 'DINAS', 3, 'DINAS', 'DINAS', 'K', '', 'dc:fe:07:05:6b:8d', '', '2016'),
(49, 'HAR-KONINB5', 'SERVER-FIREWALL', '', '', 'Server', 0, 803, 'MCRB5', 'DINAS', 0, '', '', '', '', '', '', ''),
(50, 'HAR-RAPATKONIN', 'MTHARINST12-MEE', '', 'SWMCR2-04', 'Desktop', 11, 101, 'KONIN', 'DINAS', 6, '', 'DINAS', 'K', 'UNTUK RAPAT INSTRUMEN', '00:1f:c6:e9:6c:30', '', ''),
(51, 'KAD-ABSENSI1', 'KAD-ABSENSI1', '', 'SWKMN-06', 'Internet Of Things', 0, 415, 'SATPAMDEPAN', 'DINAS', 0, '', 'DINAS', '', '', '', '', ''),
(52, 'KAD-ABSENSI2', 'KAD-ABSENSI2', '', '', '', 0, 416, 'LOBIADMIN', 'DINAS', 0, '', 'DINAS', '', '', '', '', ''),
(53, 'KAD-LATIFA', 'KAD-LATIFA', '', 'WLC-0', 'Desktop', 81, 0, 'SDMBARU', 'DINAS', 6, '', 'DINAS', 'K', 'KURANG BAIK', '20:cf:30:9a:f8:0f', '', ''),
(54, 'KAD-MON-TLP', 'KAD-MON-TLP', '', 'SWADM2A-18', 'Desktop', 99, 148, 'SEKRETARIAT2', 'DINAS', 2, '', 'DINAS', 'K', '', '6c:62:6d:e5:33:6c', '', ''),
(55, 'KAD-SATPAM-TENGAH', 'KAD-SATPAM-TENGAH', '', 'SWENJA-25', 'Desktop', 0, 0, '', 'DINAS', 0, '', 'DINAS', 'E', '', '1c:6f:65:d6:ee:e6', '', ''),
(56, 'MTKADSTORAGE-LIB01', 'MTKADSTORAGE-LIB01', '', '', 'Server', 2, 380, 'SERVER', '', 10, '', 'DINAS', 'K', '', '', '', ''),
(57, 'OPS-MCR3', 'OPS-MCR3', '', 'SWMCR3-03', 'Desktop', 100, 177, 'MCR3', 'DINAS', 0, 'DINAS', 'DINAS', 'K', 'PERLU CEK TEMPAT', '94:de:80:45:9a:23', '', ''),
(58, 'OPS-MCRB51', 'OPS-MCRB51', '', 'SWMCRB5-24', 'Desktop', 71, 187, 'MCRB5', 'DINAS', 6, '', 'DINAS', 'K', '', '14:da:e9:b2:d3:9c', '', ''),
(59, 'OPS-MODEM-01', 'OPS-MODEM31-32', '', '', 'Internet Of Things', 0, 401, 'GITET', 'DINAS', 0, '', 'DINAS', '', '', '00:04:25:12:49:90', '0004.2512.4990', ''),
(60, 'OPS-MODEM-02', 'OPS-MODEM33', '', '', 'Internet Of Things', 0, 282, 'GITET', 'DINAS', 0, '', 'DINAS', '', '', '00:04:25:12:49:84', '0004.2512.4984', ''),
(61, 'OPS-MODEM-03', 'OPS-MODEM41-42', '', '', 'Internet Of Things', 0, 283, 'GITET', 'DINAS', 0, '', 'DINAS', '', '', '00:04:25:12:49:85', '0004.2512.4985', ''),
(62, 'OPS-MODEM-04', 'OPS-MODEM43', '', '', 'Internet Of Things', 0, 384, 'GITET', 'DINAS', 0, '', 'DINAS', '', '', '00:04:25:12:49:94', '0014.2512.4994', ''),
(63, 'OPS-MODEM-05', 'OPS-MODEM51', '', '', 'Internet Of Things', 0, 412, 'GITET', 'DINAS', 0, '', 'DINAS', '', '', '00:04:25:12:49:88', '0004.2512.4988', ''),
(64, 'OPS-MODEM-06', 'OPS-MODEM58', '', '', 'Internet Of Things', 0, 386, 'GITET', 'DINAS', 0, '', 'DINAS', '', '', '00:04:25:12:49:93', '0004.2512.4993', ''),
(65, 'OPS-MODEM-07', 'OPS-MODEM21', '', '', 'Internet Of Things', 0, 395, 'NC', 'DINAS', 0, '', 'DINAS', '', '', '00:04:25:12:49:86', '0004.2512.4986', ''),
(66, 'OPS-MODEM-08', 'OPS-MODEM11-12', '', '', 'Internet Of Things', 0, 396, 'NC', 'DINAS', 0, '', 'DINAS', '', '', '00:04:25:12:49:89', '0004.2512.4989', ''),
(67, 'OPS-MODEM-09', 'OPS-MODEM13', '', '', 'Internet Of Things', 0, 397, 'NC', 'DINAS', 0, '', 'DINAS', '', '', '00:04:25:12:49:91', '0004.2512.4991', ''),
(68, 'OPS-MODEM-10', 'OPS-MODEM14', '', '', 'Internet Of Things', 0, 398, 'NC', 'DINAS', 0, '', 'DINAS', '', '', '00:04:25:12:49:83', '0004.2512.4983', ''),
(69, 'OPS-MODEMATC-01', 'OPS-MODEMATC11', '', '', 'Internet Of Things', 0, 448, 'NC', 'DINAS', 0, '', 'DINAS', '', '', '00.f0.0a.05.b2.65', '00f0.0a05.b265', ''),
(70, 'OPS-MODEMATC-02', 'OPS-MODEMATC12', '', '', 'Internet Of Things', 0, 449, 'NC', 'DINAS', 0, '', 'DINAS', '', '', '00.f0.0a.05.b2.33', '00f0.0a05.b233', ''),
(71, 'OPS-MODEMATC-03', 'OPS-MODEMATC13', '', '', 'Internet Of Things', 0, 450, 'NC', 'DINAS', 0, '', 'DINAS', '', '', '00.f0.0a.05.b2.10', '00f0.0a05.b210', ''),
(72, 'OPS-MODEMATC-04', 'OPS-MODEMATCST14', '', '', 'Internet Of Things', 0, 451, 'NC', 'DINAS', 0, '', 'DINAS', '', '', '00.f0.0a.05.b2.01', '00f0.0a05.b201', ''),
(73, 'OPS-MODEMATC-05', 'OPS-MODEMATC21', '', '', 'Internet Of Things', 0, 399, 'GT11', 'DINAS', 0, '', 'DINAS', '', '', '00.f0.0a.05.b1.67', '00f0.0a05.b167', ''),
(74, 'OPS-MODEMATC-06', 'OPS-MODEMATC22', '', '', 'Internet Of Things', 0, 908, 'GT12', 'DINAS', 0, '', 'DINAS', '', '', '00.f0.0a.05.b2.7a', '00f0.0a05.b27a', ''),
(75, 'OPS-PTW1', 'OPS-PTW1', '', 'SWMCR3-10', 'Desktop', 106, 0, 'MCR3', 'DINAS', 0, '', 'DINAS', 'K', '', '00:25:ab:75:09:e5', 'acd1.b8a0.25af', ''),
(76, 'OPS-PTW2', 'OPS-PTW2', '', 'SWMCR3-09', 'Desktop', 106, 0, 'MCR3', 'DINAS', 0, '', 'DINAS', 'K', '', '00:ff:fa:d8:aa:8a', '3468.9541.51fd', ''),
(77, 'P8H61', 'P8H61', '', 'SWENJB-06', 'Laptop', 101, 241, 'UPHB', 'UPHB', 7, '', 'UPHB', 'E', '', '50:46:5d:68:cd:01', '', ''),
(78, 'PJBJAWAMUARA00', 'PJBJAWAMUARA00', '', '', 'Server', 11, 7, 'KONIN', 'DINAS', 6, '', 'DINAS', 'S', '', 'e4:11:5b:25:66:af', '', ''),
(79, 'PJBJAWAMUARA01', 'PJBJAWAMUARA01', '', 'SWMCR2-06', 'Server', 11, 7, 'KONIN', 'TOOLS', 0, '', 'DINAS', 'T', '', 'e4:11:5b:ab:45:0e', '', ''),
(80, 'PRINTER-RENDALHAR', 'PRINTER-RENDALHAR', '', 'SWENJA-38', 'Internet Of Things', 0, 421, 'RENDALHAR1', '', 0, '', '', '', '', '3c:2a:f4:47:e6:a3', '3c2a.f447.e6a3', ''),
(81, 'PTPO10218-02', 'MTROPL-SANDY', '', '', 'Laptop', 29, 0, 'RENDALOPS', ' 017.SPK-KP/061//MUPMT/2018', 1, 'PTPO/KL/MTW/2018/002', 'SEWA', 'K', '', '98:29:ab:2b:83:2E', '9822.efe8.7843', '2018'),
(82, 'PTPO10218-03', 'MTEQAL-BAROKAH', '', '', 'Laptop', 14, 0, 'SO', ' 017.SPK-KP/061//MUPMT/2018', 1, 'PTPO/KL/MTW/2018/003', 'SEWA', 'K', '', '98:29:a6:2b:82:F7', '9822.efe8.7a99', '2018'),
(83, 'PTPO10218-04', 'MTOPSL-VIKANANTHA', '', '', 'Laptop', 70, 0, 'MCRB5', ' 017.SPK-KP/061//MUPMT/2018', 1, 'PTPO/KL/MTW/2018/004', 'SEWA', 'K', 'Laptop penggnti 106', '98:29:a6:29:d0:01', '9822.efe8.fe09', '2018'),
(84, 'PTPO10218-05', 'MTKADL-DEWI', '', '', 'Laptop', 107, 0, 'UMUM', ' 017.SPK-KP/061//MUPMT/2018', 1, 'PTPO/KL/MTW/2018/005', 'SEWA', 'K', '', '98:22:ef:e7:b6:bf', '9829.a629.d5ad', '2018'),
(85, 'PTPO10218-06', 'MTKADL-CATUR', '', '', 'Laptop', 99, 0, 'UMUM', ' 017.SPK-KP/061//MUPMT/2018', 1, 'PTPO/KL/MTW/2018/006', 'SEWA', 'K', '', '98:22:ef:e7:9f:ab', '9a22.efe7.9fab', '2018'),
(86, 'PTPO10218-07', 'MTEQAL-HENDRA ', '', '', 'Laptop', 108, 0, 'SO', ' 017.SPK-KP/061//MUPMT/2018', 1, 'PTPO/KL/MTW/2018/007', 'SEWA', 'K', '', '98:29:a6:2b:81:53', '9822.efe8.804d', '2018'),
(87, 'PTPO10218-08', 'MTLOGL-ARIEF', '', '', 'Laptop', 91, 0, 'INVENTORI', ' 017.SPK-KP/061//MUPMT/2018', 1, 'PTPO/KL/MTW/2018/008', 'SEWA', 'K', '', '98:29:a6:28:81:2b', '9822.efe8.7445', '2018'),
(88, 'PTPO10218-09', 'R.SO.IT', '', '', 'Laptop', 23, 0, 'SO', ' 017.SPK-KP/061//MUPMT/2018', 1, 'PTPO/KL/MTW/2018/009', 'SEWA', 'K', 'Ex=Nastopo dari hendra so. 210922', '98:29:a6:28:83:65', '9822.efe8.7825', '2018'),
(89, 'PTPO10218-10', 'MTHMOL-EKO', '', '', 'Laptop', 78, 0, 'MO', ' 017.SPK-KP/061//MUPMT/2018', 1, 'PTPO/KL/MTW/2018/010', 'SEWA', 'K', 'sdh ditukar dgn laptop baru 16/03/23', '98:29:a6:29:d3:b9', '9822.efe8.77e9', '2018'),
(90, 'PTPO10218-100', 'MTOPS3L-CCR34D', '', '', 'Laptop', 26, 0, 'CCR34', ' 017.SPK-KP/061//MUPMT/2018', 1, 'PTPO/KL/MTW/2018/100', 'SEWA', 'K', '', '98:29:a6:2b:81:ed', '9822.efe8.7f8f', '2018'),
(91, 'PTPO10218-101', 'MTOPSL-DONAR', '', '', 'Laptop', 46, 0, 'MCRB5', ' 017.SPK-KP/061//MUPMT/2018', 1, 'PTPO/KL/MTW/2018/101', 'SEWA', 'K', '', '', '', ''),
(92, 'PTPO10218-102', 'R.SO.IT', '', '', 'Laptop', 109, 0, 'BENGKELMEKANIK', ' 017.SPK-KP/061//MUPMT/2018', 1, 'PTPO/KL/MTW/2018/102', 'SEWA', 'K', 'RUSAK EX-FUAD Ganti 023 28/07/22', '', '', ''),
(93, 'PTPO10218-103', 'MTCNGL-ADYROGO', '', '', 'Laptop', 5, 0, 'CNG', ' 017.SPK-KP/061//MUPMT/2018', 1, 'PTPO/KL/MTW/2018/103', 'SEWA', 'K', '', '', '', ''),
(94, 'PTPO10218-104', 'R.SO.IT', '', '', 'Laptop', 27, 0, 'CNG', ' 017.SPK-KP/061//MUPMT/2018', 1, 'PTPO/KL/MTW/2018/104', 'SEWA', 'K', 'X Bagus keyboard rusak/error, gnt 024 TGL 13/04/22', '', '', ''),
(95, 'PTPO10218-105', 'MTRHARL-KUNJUNG', '', '', 'Laptop', 100, 0, 'RENDALOPS', ' 017.SPK-KP/061//MUPMT/2018', 1, 'PTPO/KL/MTW/2018/105', 'SEWA', 'K', 'Laptop pengganti 043 (mati total)', '98:22:ef:e7:bf:17', '0009.0ffe.0001', ''),
(96, 'PTPO10218-106', 'MTHARL-JIMY', '', '', 'Laptop', 40, 0, 'RENDALHAR1', ' 017.SPK-KP/061//MUPMT/2018', 1, 'PTPO/KL/MTW/2018/106', 'SEWA', 'K', 'Laptop pengganti 063', '28:29:a6:54:1d:df', '5058.c2b3.d5e5', ''),
(97, 'PTPO10218-107', 'MTHARL107-JHONACRIDMA', '', '', 'Laptop', 86, 0, 'KONIN', ' 017.SPK-KP/061//MUPMT/2018', 1, 'PTPO/KL/MTW/2018/107', 'SEWA', 'K', '', '9c:5a:44:09:4d:68', '00f4.8dee.69b5', '2018'),
(98, 'PTPO10218-11', 'MTHI1L-DANAN', '', '', 'Laptop', 11, 0, 'KONIN', ' 017.SPK-KP/061//MUPMT/2018', 1, 'PTPO/KL/MTW/2018/011', 'SEWA', 'K', '', '98:29:a6:2b:824b', '9822.efe7.bcc5', '2018'),
(99, 'PTPO10218-12', 'MTOPSL-DONAR SPARE IT', '', '', 'Laptop', 46, 0, 'MCRB5', ' 017.SPK-KP/061//MUPMT/2018', 1, 'PTPO/KL/MTW/2018/012', 'SEWA', 'K', 'keyboard rusak, diganti 101 210922', '98:29:a6:2b:82:6c', '9822.efe7.9fbd', '2018'),
(100, 'PTPO10218-13', 'MTROPL-SYAIFUL-A', '', '', 'Laptop', 36, 0, 'RENDALOPS', ' 017.SPK-KP/061//MUPMT/2018', 1, 'PTPO/KL/MTW/2018/013', 'SEWA', 'K', '', '98:29:a6:22:f5:4a', '9822.efe8.fdeb', '2018'),
(101, 'PTPO10218-14', 'MTRHL-YUDI', '', '', 'Laptop', 42, 0, 'RENDALHAR1', ' 017.SPK-KP/061//MUPMT/2018', 1, 'PTPO/KL/MTW/2018/014', 'SEWA', 'K', '', '98:29:a6:2b:82:61', '9822.efe7.8775', '2018'),
(102, 'PTPO10218-15', 'MTROPL-PINKAN', '', '', 'Laptop', 110, 0, 'RENDALOPS', ' 017.SPK-KP/061//MUPMT/2018', 1, 'PTPO/KL/MTW/2018/015', 'SEWA', 'K', '', '98:29:a6:2b:83:51', '9822.efe8.85ed', '2018'),
(103, 'PTPO10218-16', 'R.SO.IT', '', '', 'Laptop', 19, 0, 'CNGBBM', ' 017.SPK-KP/061//MUPMT/2018', 1, 'PTPO/KL/MTW/2018/016', 'SEWA', 'K', 'EX Wawan cng. ada di IT SPARE. rusak', '98:29:a6:29:d0:27', '9822.efe7.bf17', '2018'),
(104, 'PTPO10218-17', 'MTCNGL-FEBRI', '', '', 'Laptop', 20, 0, 'CNGBBM', ' 017.SPK-KP/061//MUPMT/2018', 1, 'PTPO/KL/MTW/2018/017', 'SEWA', 'K', '', '98:29:a6:2b:81:63', '9822.efe7.bcc3', '2018'),
(105, 'PTPO10218-18', 'MTCNGL-DERI', '', '', 'Laptop', 4, 0, 'CNGBBM', ' 017.SPK-KP/061//MUPMT/2018', 1, 'PTPO/KL/MTW/2018/018', 'SEWA', 'K', '', '74:E5:f9:b0:fa:8c', '74e5.f9b0.fa8b', '2018'),
(106, 'PTPO10218-19', '', '', '', 'Laptop', 0, 0, 'TI', ' 017.SPK-KP/061//MUPMT/2018', 1, 'PTPO/KL/MTW/2018/019', 'SEWA', 'K', '', '98:29:a6:2b:83:0c', '9822.efe8.cb8b', '2018'),
(107, 'PTPO10218-20', 'MTHMOL-EKO', '', '', 'Laptop', 78, 0, 'MO', ' 017.SPK-KP/061//MUPMT/2018', 1, 'PTPO/KL/MTW/2018/020', 'SEWA', 'K', '', '98:29:a6:2b:81:63', '9822.efe8.830f', '2018'),
(108, 'PTPO10218-21', 'MTOPS5L-MCR5C', '', '', 'Laptop', 18, 0, 'MCRB5', ' 017.SPK-KP/061//MUPMT/2018', 1, 'PTPO/KL/MTW/2018/021', 'SEWA', 'K', '', '9A:22:ef:e7:98:15', '9822.efe7.9815', '2018'),
(109, 'PTPO10218-22', 'MTOPSL-FERIZQO', '', '', 'Laptop', 111, 0, 'RENDALOPS', ' 017.SPK-KP/061//MUPMT/2018', 1, 'PTPO/KL/MTW/2018/022', 'SEWA', 'K', '', '98:29:a6:29:d4:96', '00e1.8c24.4db6', '2018'),
(110, 'PTPO10218-23', 'MTHARL-FUAD', '', '', 'Laptop', 109, 0, 'RENDALOPS', ' 017.SPK-KP/061//MUPMT/2018', 1, 'PTPO/KL/MTW/2018/023', 'SEWA', 'K', 'spare di IT ex-satria', '98:29:a6:2b:82:ad', '9a22.efe8.78ad', '2018'),
(111, 'PTPO10218-24', 'MTCNGL-BAGUS', '', '', 'Laptop', 100, 0, 'RENDALOPS', ' 017.SPK-KP/061//MUPMT/2018', 1, 'PTPO/KL/MTW/2018/024', 'SEWA', 'K', 'laptop pengganti 104 ', '98:29:a6:2b:80:e5', '9a22.efe8.80ff', '2018'),
(112, 'PTPO10218-25', 'MTEQAL-ATENG', '', '', 'Laptop', 112, 0, 'SO', ' 017.SPK-KP/061//MUPMT/2018', 1, 'PTPO/KL/MTW/2018/025', 'SEWA', 'K', '', '98:29:a6:2b:83:5a', '9a22.efe8.cb95', '2018'),
(113, 'PTPO10218-26', 'MTEQAL-MMRK1', '', '', 'Laptop', 93, 0, 'MMRK', ' 017.SPK-KP/061//MUPMT/2018', 1, 'PTPO/KL/MTW/2018/026', 'SEWA', 'K', '', '98:29:a6:29:d6:qe', '00e1.8c26.37cd', '2018'),
(114, 'PTPO10218-27', 'MTEQAL-JOMA', '', '', 'Laptop', 39, 0, 'SO', ' 017.SPK-KP/061//MUPMT/2018', 1, 'PTPO/KL/MTW/2018/027', 'SEWA', 'K', '', '98:29:a6:29:cf:f7', '9822.efe8.77d7', '2018'),
(115, 'PTPO10218-28', 'MTLOGL-PGD1', '', '', 'Laptop', 113, 0, 'LOGISTIK', ' 017.SPK-KP/061//MUPMT/2018', 1, 'PTPO/KL/MTW/2018/028', 'SEWA', 'K', '', '98:29:a6:2b:82:03', '9822.efe8.bd19', '2018'),
(116, 'PTPO10218-29', 'MTLOGL-INV2', '', '', 'Laptop', 91, 0, 'INVENTORI', ' 017.SPK-KP/061//MUPMT/2018', 1, 'PTPO/KL/MTW/2018/029', 'SEWA', 'K', '', '98:29:a6:2b:80:4a', '9822.efe8.c5d7', '2018'),
(117, 'PTPO10218-30', 'MTLOGL-INV1', '', '', 'Laptop', 91, 0, 'INVENTORI', ' 017.SPK-KP/061//MUPMT/2018', 1, 'PTPO/KL/MTW/2018/030', 'SEWA', 'K', '', '98:29:a6:2b:82:11', '9822.efe8.5d83', '2018'),
(118, 'PTPO10218-31', 'MTHMOL-MOO1', '', '', 'Laptop', 78, 0, 'MO', ' 017.SPK-KP/061//MUPMT/2018', 1, 'PTPO/KL/MTW/2018/031', 'SEWA', 'K', '', '98:29:a6:2b:80:49', '9822.efe8.7c73', '2018'),
(119, 'PTPO10218-32', 'MTKADL-KEU01', '', '', 'Laptop', 114, 0, 'KEUANGAN', ' 017.SPK-KP/061//MUPMT/2018', 1, 'PTPO/KL/MTW/2018/032', 'SEWA', 'K', '', '98:29:a6:29:d1:29', '73e5.f9af.4bc3', '2018'),
(120, 'PTPO10218-33', 'MTHMOL-MO02 RISWANDA', '', '', 'Laptop', 78, 0, 'MO', ' 017.SPK-KP/061//MUPMT/2018', 1, 'PTPO/KL/MTW/2018/033', 'SEWA', 'K', '', '98:29:a6:2b:81:b8', '9822.efe8.c50f', '2018'),
(121, 'PTPO10218-34', 'MTKADL-SDM01/AMIN', '', '', 'Laptop', 115, 0, 'SDM', ' 017.SPK-KP/061//MUPMT/2018', 1, 'PTPO/KL/MTW/2018/034', 'SEWA', 'K', '', '98:29:a6:29:d6:2e', '9822.efe7.b6c9', '2018'),
(122, 'PTPO10218-35', 'MTOPSL-CNG DHIKA', '', '', 'Laptop', 8, 0, 'PMT', ' 017.SPK-KP/061//MUPMT/2018', 1, 'PTPO/KL/MTW/2018/035', 'SEWA', 'K', 'EX ZAENAL 05/09/22, digunakan Andrika 120922', '98:29:a6:29:d3:b8', '9822.efe8.77eb', '2018'),
(123, 'PTPO10218-36', 'MTEQAL-RIYU', '', '', 'Laptop', 77, 0, 'HPS', ' 017.SPK-KP/061//MUPMT/2018', 1, 'PTPO/KL/MTW/2018/036', 'SEWA', 'K', '', '98:29:a6:2b:82:79', '9822.efe7.bf15', '2018'),
(124, 'PTPO10218-37', 'MTEQAL-IMAN', '', '', 'Laptop', 88, 0, 'TO', ' 017.SPK-KP/061//MUPMT/2018', 1, 'PTPO/KL/MTW/2018/037', 'SEWA', 'K', '', '98:29:a6:2b:82:57', '9822.efe8.fbdf', '2018'),
(125, 'PTPO10218-38', 'MTHIL-MUNANDAR', '', '', 'Laptop', 55, 0, 'KONINB5', ' 017.SPK-KP/061//MUPMT/2018', 1, 'PTPO/KL/MTW/2018/038', 'SEWA', 'K', '', '98:29:a6:2b:82:d2', '9822.efe8.4d45', '2018'),
(126, 'PTPO10218-39', 'MTEQAL-MURSID', '', '', 'Laptop', 116, 0, 'TO', ' 017.SPK-KP/061//MUPMT/2018', 1, 'PTPO/KL/MTW/2018/039', 'SEWA', 'K', '', '98:29:a6:2b:82:f3', '9822.efe8.85ef', '2018'),
(127, 'PTPO10218-40', 'MTKADL-SDM02', '', '', 'Laptop', 115, 0, 'SDM', ' 017.SPK-KP/061//MUPMT/2018', 1, 'PTPO/KL/MTW/2018/040', 'SEWA', 'K', '', '98:29:a6:29:d2:cc', '74e5.f9af.4cf4', '2018'),
(128, 'PTPO10218-41', 'MTHARL-ANHAR', '', '', 'Laptop', 10, 0, 'PMT', ' 017.SPK-KP/061//MUPMT/2018', 1, 'PTPO/KL/MTW/2018/041', 'SEWA', 'K', 'Pengganti laptop 101', '98:29:a6:2b:82:3a', '9822.efe8.c3f9', '2018'),
(129, 'PTPO10218-42', 'MTRHAL-RHAR1', '', '', 'Laptop', 42, 0, 'RENDALHAR1', ' 017.SPK-KP/061//MUPMT/2018', 1, 'PTPO/KL/MTW/2018/042', 'SEWA', 'K', '', '98:29:a6:20:c8:de', '9822.efe7.8777', '2018'),
(130, 'PTPO10218-43', 'MTEQAL-YOGA', '', '', 'Laptop', 80, 0, 'SO', ' 017.SPK-KP/061//MUPMT/2018', 1, 'PTPO/KL/MTW/2018/043', 'SEWA', 'K', ',EX-KUNJUNG Digunakan YOGA SO', '', '', ''),
(131, 'PTPO10218-44', 'MTOPS3L-CCR34A/LUKFIANTO', '', '', 'Laptop', 53, 0, 'CCR34', ' 017.SPK-KP/061//MUPMT/2018', 1, 'PTPO/KL/MTW/2018/044', 'SEWA', 'K', '', '98:29:a6:29:d6:68', '00e1.8c26.36da', '2018'),
(132, 'PTPO10218-45', 'MTKADL-KEU02', '', '', 'Laptop', 114, 0, 'KEUANGAN', ' 017.SPK-KP/061//MUPMT/2018', 1, 'PTPO/KL/MTW/2018/045', 'SEWA', 'K', '', '98:29:a6:2b:82:fc', 'c', '2018'),
(133, 'PTPO10218-46', 'MTK3L-K3', '', '', 'Laptop', 117, 0, 'K3', ' 017.SPK-KP/061//MUPMT/2018', 1, 'PTPO/KL/MTW/2018/046', 'SEWA', 'K', '', '98:29:a6:2b:81:33', '9822.efe8.782d', '2018'),
(134, 'PTPO10218-47', 'MTHLINL-SEFYAN', '', '', 'Laptop', 24, 0, 'LINGKUNGAN', ' 017.SPK-KP/061//MUPMT/2018', 1, 'PTPO/KL/MTW/2018/047', 'SEWA', 'K', 'Dipinjam mas randi, pengganti 054', '98:29:a6:29:d0:d3', '00e1.8c24.4eb0', '2018'),
(135, 'PTPO10218-48', 'MTHLINL-LING', '', '', 'Laptop', 24, 0, 'LINGKUNGAN', ' 017.SPK-KP/061//MUPMT/2018', 1, 'PTPO/KL/MTW/2018/048', 'SEWA', 'K', '', '98:29:a6:2b:83:64', '9822.efe8.85fb', '2018'),
(136, 'PTPO10218-49', 'MTHSARL-SAR', '', '', 'Laptop', 118, 0, 'SARANA', ' 017.SPK-KP/061//MUPMT/2018', 1, 'PTPO/KL/MTW/2018/049', 'SEWA', 'K', '', '98:29:a6:2b:85:a5', '9822.efe7.9fc5', '2018'),
(137, 'PTPO10218-50', 'MTRHAL-RHAR2', '', '', 'Laptop', 42, 0, 'RENDALHAR1', ' 017.SPK-KP/061//MUPMT/2018', 1, 'PTPO/KL/MTW/2018/050', 'SEWA', 'K', '', '98:29:a6:2b:82:e5', '9822.efe8.7827', '2018'),
(138, 'PTPO10218-51', 'MTRHAL-RHAR3', '', '', 'Laptop', 42, 0, 'RENDALHAR1', ' 017.SPK-KP/061//MUPMT/2018', 1, 'PTPO/KL/MTW/2018/051', 'SEWA', 'K', '', '98:29:a6:2b:81:34', '9829.a62b.8134', '2018'),
(139, 'PTPO10218-52', 'MTEQAL-ANWAR', '', '', 'Laptop', 119, 0, 'SO', ' 017.SPK-KP/061//MUPMT/2018', 1, 'PTPO/KL/MTW/2018/052', 'SEWA', 'K', 'Laptop penngganti 001', '98:29:a6:2b:81:21', '9822.efe4.e6bf', '2018'),
(140, 'PTPO10218-53', 'MTOPS5L-MCRB5', '', '', 'Laptop', 28, 0, 'MCRB5', ' 017.SPK-KP/061//MUPMT/2018', 1, 'PTPO/KL/MTW/2018/053', 'SEWA', 'K', '', '98:29:a6:2b:80:55', '9822.efe8.c51b', '2018'),
(141, 'PTPO10218-54', 'MTCNGL-WAWAN', '', '', 'Laptop', 19, 0, 'CNGBBM', ' 017.SPK-KP/061//MUPMT/2018', 1, 'PTPO/KL/MTW/2018/054', 'SEWA', 'K', 'Laptop pengganti MTCNGL-016', '98:29:a6:29:d9:18', '9822.efe8.7ab9', '2018'),
(142, 'PTPO10218-55', 'MTHARL-ARIF CATUR 3,4', '', '', 'Laptop', 54, 0, 'PMT', ' 017.SPK-KP/061//MUPMT/2018', 1, 'PTPO/KL/MTW/2018/055', 'SEWA', 'K', '', '98:29:a6:2b:83:13', '9822.efe8.c56f', '2018'),
(143, 'PTPO10218-56', 'MTROPSL-DONALD.A', '', '', 'Laptop', 120, 0, 'RENDALOPS', ' 017.SPK-KP/061//MUPMT/2018', 1, 'PTPO/KL/MTW/2018/056', 'SEWA', 'K', 'Ex=josia, digunakan Donald.A 16/06=22', '98:29:a6:29:d5:7f', '0024.d6d6.00a1', '2018'),
(144, 'PTPO10218-57', 'R.SO.IT', '', '', 'Laptop', 117, 0, 'K3', ' 017.SPK-KP/061//MUPMT/2018', 1, 'PTPO/KL/MTW/2018/057', 'SEWA', 'K', 'spare IT', '98:29:a6:29:d2:38', '0024.d6d6.0076', '2018'),
(145, 'PTPO10218-58', 'MTHARL-PRIMA', '', 'WLC-0', 'Laptop', 76, 0, 'PMT', ' 017.SPK-KP/061//MUPMT/2018', 1, 'PTPO/KL/MTW/2018/058', 'SEWA', 'K', '', '98:29:a6:2b:80:e7', '9822.efe8.7c69', '2018'),
(146, 'PTPO10218-59', 'MTLOGL-GUD01', '', '', 'Laptop', 97, 0, 'GUDANG', ' 017.SPK-KP/061//MUPMT/2018', 1, 'PTPO/KL/MTW/2018/059', 'SEWA', 'K', '', '98:29:a6:1f:da:80', '0024.d6d5.1812', '2018'),
(147, 'PTPO10218-60', 'MTEQAL-ABY', '', '', 'Laptop', 73, 0, 'SO', ' 017.SPK-KP/061//MUPMT/2018', 1, 'PTPO/KL/MTW/2018/060', 'SEWA', 'K', 'EX-SUPRAPTO', '98:29:a6:2b:81:78', '9822.efe8.c40f', '2018'),
(148, 'PTPO10218-61', 'MTKADL-UMUM1', '', '', 'Laptop', 99, 0, 'UMUM', ' 017.SPK-KP/061//MUPMT/2018', 1, 'PTPO/KL/MTW/2018/061', 'SEWA', 'K', '', '98:29:a6:2b:83:10', '9822.efe8.7b55', '2018'),
(149, 'PTPO10218-62', 'MTOPS5L-MCR5A', '', '', 'Laptop', 46, 0, 'MCRB5', ' 017.SPK-KP/061//MUPMT/2018', 1, 'PTPO/KL/MTW/2018/062', 'SEWA', 'K', '', '98:29:a6:2b:82:8d', '9822.efe8.7c23', '2018'),
(150, 'PTPO10218-63', 'MTOPS1L-NUGROHO', '', '', 'Laptop', 121, 0, 'MCR3', ' 017.SPK-KP/061//MUPMT/2018', 1, 'PTPO/KL/MTW/2018/063', 'SEWA', 'K', 'Digunakan Damora', '98:29:a6:2b:82:8c', '9822.efe8.82fd', '2018'),
(151, 'PTPO10218-64', 'MTLOGL-SULHAN', '', '', 'Laptop', 7, 0, 'GUDANG', ' 017.SPK-KP/061//MUPMT/2018', 1, 'PTPO/KL/MTW/2018/064', 'SEWA', 'K', 'Ex PAK ALI, LAPTOP PENGGANTI 080', '98:29:a6:2b:82:f9', '9822.efe8.7c1d', '2018'),
(152, 'PTPO10218-65', 'MTROPSL-RUBI', '', '', 'Laptop', 122, 0, 'RENDALOPS', ' 017.SPK-KP/061//MUPMT/2018', 1, 'PTPO/KL/MTW/2018/065', 'SEWA', 'K', '', '98:29:a6:2b:83:37', '9822.efe8.5d8f', '2018'),
(153, 'PTPO10218-66', 'MTHSRL-SUDASLI', '', '', 'Laptop', 118, 0, 'SARANA', ' 017.SPK-KP/061//MUPMT/2018', 1, 'PTPO/KL/MTW/2018/066', 'SEWA', 'K', '', '98:29:a6:2b:85:a5', '9822.efe7.9fc5', '2018'),
(154, 'PTPO10218-67', 'R.SO.IT', '', '', 'Laptop', 40, 0, 'CNGBBM', ' 017.SPK-KP/061//MUPMT/2018', 1, 'PTPO/KL/MTW/2018/067', 'SEWA', 'K', 'ex Jimy Keyboard rusak ganti 106 28/11/22', '98:29:a6:2b:81:3d', '9822.efe8.85cb', '2018'),
(155, 'PTPO10218-68', 'MTCNGL-CNG01', '', '', 'Laptop', 40, 0, 'CNGBBM', ' 017.SPK-KP/061//MUPMT/2018', 1, 'PTPO/KL/MTW/2018/068', 'SEWA', 'K', '', '98:29:a6:2b:80:f7', '9822.efe8.85d1', '2018'),
(156, 'PTPO10218-69', 'MTEQAL-ASNAWADI', '', '', 'Laptop', 123, 0, 'TO', ' 017.SPK-KP/061//MUPMT/2018', 1, 'PTPO/KL/MTW/2018/069', 'SEWA', 'K', '', '98:29:a6:29:d2:d2', '9822.efe8.fd59', '2018'),
(157, 'PTPO10218-70', 'MTOPSL-MUCHLISIN', '', '', 'Laptop', 17, 0, 'RENDALOPS', ' 017.SPK-KP/061//MUPMT/2018', 1, 'PTPO/KL/MTW/2018/070', 'SEWA', 'K', '', '98:29:a6:2b:82:oa', '9822.efe8.7435', '2018'),
(158, 'PTPO10218-71', 'MTOPS1L-MCRC', '', '', 'Laptop', 21, 0, 'MCR3', ' 017.SPK-KP/061//MUPMT/2018', 1, 'PTPO/KL/MTW/2018/071', 'SEWA', 'K', '', '98:29:a6:29:d6:51', '9822.efe8.c5bd', '2018'),
(159, 'PTPO10218-72', 'MTOPS3L-CCR34B', '', '', 'Laptop', 0, 0, 'TI', ' 017.SPK-KP/061//MUPMT/2018', 1, 'PTPO/KL/MTW/2018/072', 'SEWA', 'K', '', '98:29:a6:2b:82:85', '9822.efe8.7b9d', '2018'),
(160, 'PTPO10218-73', 'MTOPS3L-CCR34C WILLY-P', '', '', 'Laptop', 33, 0, 'CCR34', ' 017.SPK-KP/061//MUPMT/2018', 1, 'PTPO/KL/MTW/2018/073', 'SEWA', 'K', '', '98:29:a6:2b:81:c3', '9822.efe8.85d9', '2018'),
(161, 'PTPO10218-74', 'MTOPSL-DONAR', '', 'SWADM2C-08', 'Laptop', 45, 0, 'HPS', ' 017.SPK-KP/061//MUPMT/2018', 1, 'PTPO/KL/MTW/2018/074', 'SEWA', 'K', '', '98:29:a6:2b:81:2e', '9822.efe8.fbf3', '2018'),
(162, 'PTPO10218-75', 'MTKADL-TEDI KARTEDI', '', '', 'Laptop', 124, 0, 'UMUM', ' 017.SPK-KP/061//MUPMT/2018', 1, 'PTPO/KL/MTW/2018/075', 'SEWA', 'K', '', '98:29:a6:2b:83:0a', '9822.efe8.c507', '2018'),
(163, 'PTPO10218-76', 'MTHM5L-BUDIYONO', '', 'SWBKLB5-22', 'Laptop', 67, 0, 'BENGKELMEKANIKB5', ' 017.SPK-KP/061//MUPMT/2018', 1, 'PTPO/KL/MTW/2018/076', 'SEWA', 'K', '', '98:29:a6:2b:81:6b', '9822.efe8.fbd5', '2018'),
(164, 'PTPO10218-77', 'MTOPS1L-MCRB', '', '', 'Laptop', 71, 0, 'MCR3', ' 017.SPK-KP/061//MUPMT/2018', 1, 'PTPO/KL/MTW/2018/077', 'SEWA', 'K', '', '98:29:a6:2b:83:83', '9822.efe8.7823', '2018'),
(165, 'PTPO10218-78', 'MTEQA-ANTARTIKA', '', '', 'Laptop', 89, 0, 'TO', ' 017.SPK-KP/061//MUPMT/2018', 1, 'PTPO/KL/MTW/2018/078', 'SEWA', 'K', '', '98:29:a6:2b:81:84', '9822.efe8.6fdb', '2018'),
(166, 'PTPO10218-79', 'MTCNGL-WIBOWO', '', '', 'Laptop', 125, 0, 'CNGBBM', ' 017.SPK-KP/061//MUPMT/2018', 1, 'PTPO/KL/MTW/2018/079', 'SEWA', 'K', '', '98:29:a6:29:d0:9e', '9822.efe8.77d9', '2018'),
(167, 'PTPO10218-80', 'R.SO.IT SPARE', '', '', 'Laptop', 7, 0, 'GUDANG', ' 017.SPK-KP/061//MUPMT/2018', 1, 'PTPO/KL/MTW/2018/080', 'SEWA', 'K', '', '98:29:a6:2b:80:76', '9822.efe8.7b8b', '2018'),
(168, 'PTPO10218-81', 'MTLOGL-PGD2', '', '', 'Laptop', 113, 0, 'LOGISTIK', ' 017.SPK-KP/061//MUPMT/2018', 1, 'PTPO/KL/MTW/2018/081', 'SEWA', 'K', '', '98:29:a6:2b:83:1b', '9822.efe8.c5a9', '2018'),
(169, 'PTPO10218-82', 'MTOPS1L-MCRD YUDHA.A', '', '', 'Laptop', 15, 0, 'MCR3', ' 017.SPK-KP/061//MUPMT/2018', 1, 'PTPO/KL/MTW/2018/082', 'SEWA', 'K', '', '98:29:a6:2b:82:92', '9822.efe8.7847', '2018'),
(170, 'PTPO10218-83', 'MTOPS1L-MCRA', '', '', 'Laptop', 92, 0, 'MCR3', ' 017.SPK-KP/061//MUPMT/2018', 1, 'PTPO/KL/MTW/2018/083', 'SEWA', 'K', '', '98:29:a6:2b:82:82', '9822.efe8.8011', '2018'),
(171, 'PTPO10218-84', 'MTHL5L-TEGAR', '', 'SWBKLB5-11', 'Laptop', 126, 929, 'BENGKELLISTRIKB5', ' 017.SPK-KP/061//MUPMT/2018', 1, 'PTPO/KL/MTW/2018/084', 'SEWA', 'K', '', '98:29:a6:29:d2:aa', '9822.efe8.77d5', '2018'),
(172, 'PTPO10218-85', 'MTLABL-DEDI LABOR', '', '', 'Laptop', 127, 0, 'LAB', ' 017.SPK-KP/061//MUPMT/2018', 1, 'PTPO/KL/MTW/2018/085', 'SEWA', 'K', '', '98:29:a6:2b:81:81', '9822.efe8.7b87', '2018'),
(173, 'PTPO10218-86', 'MTEQAL-FAISHOL', '', '', 'Laptop', 25, 0, 'SO', ' 017.SPK-KP/061//MUPMT/2018', 1, 'PTPO/KL/MTW/2018/086', 'SEWA', 'K', '', '98:29:a6:29:d2:52', '74e5.f99b.026c', '2018'),
(174, 'PTPO10218-87', 'MTEQAL-ALQADRI', '', '', 'Laptop', 72, 0, 'SO', ' 017.SPK-KP/061//MUPMT/2018', 1, 'PTPO/KL/MTW/2018/087', 'SEWA', 'K', '', '98:29:a6:2b:80:69', '0024.d6d5.01f1', '2018'),
(175, 'PTPO10218-88', 'MTEQAL-WAHYU', '', 'SWADM2C-01', 'Laptop', 3, 0, 'MMRK', ' 017.SPK-KP/061//MUPMT/2018', 1, 'PTPO/KL/MTW/2018/088', 'SEWA', 'K', '', '98:29:a6:2b:80:75', '9822.efe8.c53f', ''),
(176, 'PTPO10218-89', 'MTROPL-ARIEF KURNIAWAN', '', '', 'Laptop', 9, 0, '', ' 017.SPK-KP/061//MUPMT/2018', 1, 'PTPO/KL/MTW/2018/089', 'SEWA', 'K', '', '98:29:a6:2b:81:df', '9822.efe7.bcab', '2018'),
(177, 'PTPO10218-90', 'MTEQAL-ARIEF RAHMAN', '', '', 'Laptop', 31, 0, 'CCR34', ' 017.SPK-KP/061//MUPMT/2018', 1, 'PTPO/KL/MTW/2018/090', 'SEWA', 'K', 'EX-AGISTA', '98:29:a6:2b:82:95', '9822.efe8.c533', '2018'),
(178, 'PTPO10218-91', 'MTEQAL-YUDHO', '', '', 'Laptop', 2, 0, 'SO', ' 017.SPK-KP/061//MUPMT/2018', 1, 'PTPO/KL/MTW/2018/091', 'SEWA', 'K', '', '98:29:a6:29:d2:fd', '9822.efe8.7a8f', '2018'),
(179, 'PTPO10218-92', 'MTROPL-AMAD', '', '', 'Laptop', 34, 0, 'RENDALOPS', ' 017.SPK-KP/061//MUPMT/2018', 1, 'PTPO/KL/MTW/2018/092', 'SEWA', 'K', '', '98:29:a6:2b:82:f5', '9822.efe7.8783', '2018'),
(180, 'PTPO10218-93', 'MTROPL-SATRIYA', '', '', 'Laptop', 49, 0, 'RENDALOPS', ' 017.SPK-KP/061//MUPMT/2018', 1, 'PTPO/KL/MTW/2018/093', 'SEWA', 'K', 'Laptop pengganti 023 ', '98:29:a6:2b:82:dc', '9822.eff8.7c8f', '2018'),
(181, 'PTPO10218-94', 'MTROPL-GARDIKA', '', '', 'Laptop', 16, 0, 'RENDALOPS', ' 017.SPK-KP/061//MUPMT/2018', 1, 'PTPO/KL/MTW/2018/094', 'SEWA', 'K', '', '98:29:a6:2b:80:b6', '9822.efe8.4d41', '2018'),
(182, 'PTPO10218-95', 'MTROPL-SURYANA', '', '', 'Laptop', 48, 0, 'RENDALOPS', ' 017.SPK-KP/061//MUPMT/2018', 1, 'PTPO/KL/MTW/2018/095', 'SEWA', 'K', '', '98:29:a6:2b:83:6e', '9822.eff8.8009', '2018'),
(183, 'PTPO10218-96', 'MTROPL-YOHANES', '', '', 'Laptop', 37, 0, 'RENDALOPS', ' 017.SPK-KP/061//MUPMT/2018', 1, 'PTPO/KL/MTW/2018/096', 'SEWA', 'K', '', '98:29:a6:22:f7:a0', '9822.efe8.7a9b', '2018'),
(184, 'PTPO10218-97', 'MTHK3L-SUKMA', '', '', 'Laptop', 52, 0, 'K3', ' 017.SPK-KP/061//MUPMT/2018', 1, 'PTPO/KL/MTW/2018/097', 'SEWA', 'K', '', '98:29:a6:29:d4:38', '9822.eff8.7b65', '2018'),
(185, 'PTPO10218-98', 'MTRHAL-SIGIT', '', '', 'Laptop', 128, 0, 'RENDALHAR1', ' 017.SPK-KP/061//MUPMT/2018', 1, 'PTPO/KL/MTW/2018/098', 'SEWA', 'K', '', '98:29:a6:2b:82:29', '9822.efe8.fba5', '2018'),
(186, 'PTPO10218-99', 'MTRHAL-SYAFRI', '', '', 'Laptop', 129, 0, 'RENDALHAR1', ' 017.SPK-KP/061//MUPMT/2018', 1, 'PTPO/KL/MTW/2018/099', 'SEWA', 'K', '', '98:29:a6:2b:82:4f', '9822.efe8.7b7b', ''),
(187, 'PTPO18020-001', 'MTLOGD001-OCID', '', '', 'Desktop', 0, 0, 'LOGISTIK', '047.PJ.KR/061/GMUPMT/2020', 1, 'PTPO/PC/MTW/2020/001', 'SEWA', 'K', '', '9c:54:44:91:33:08', '2839.2699.84c5', '2020'),
(188, 'PTPO18020-002', 'MTLOGD002-FIRDA', '', '', 'Desktop', 130, 0, 'LOGISTIK', '047.PJ.KR/061/GMUPMT/2020', 1, 'PTPO/PC/MTW/2020/002', 'SEWA', 'K', '', '9c:54:44:91:33:08', '2839.2699.84c5', '2020'),
(189, 'PTPO18020-003', 'MTLOGD003-ANGGA', '', '', 'Desktop', 131, 45, 'LOGISTIK', '047.PJ.KR/061/GMUPMT/2020', 1, 'PTPO/PC/MTW/2020/003', 'SEWA', 'K', '', '9c:5a:44:91:34:3d', '2839.269a.124b', '2020'),
(190, 'PTPO18020-004', 'MTLOGD004-DEO', '', '', 'Desktop', 132, 36, 'LOGISTIK', '047.PJ.KR/061/GMUPMT/2020', 1, 'PTPO/PC/MTW/2020/004', 'SEWA', 'K', '', '9c:5a:44:91:34:3e', '2839.2839.db79', '2020'),
(191, 'PTPO18020-005', 'MTLOGD005-DIENDA', '', '', 'Desktop', 133, 0, 'LOGISTIK', '047.PJ.KR/061/GMUPMT/2020', 1, 'PTPO/PC/MTW/2020/005', 'SEWA', 'K', '', 'ac:d1:b8:06:cc:b7', '6002.9261.ea2c', '2020'),
(192, 'PTPO18020-006', 'MTLOGD006-DODY', '', '', 'Desktop', 134, 0, 'LOGISTIK', '047.PJ.KR/061/GMUPMT/2020', 1, 'PTPO/PC/MTW/2020/006', 'SEWA', 'K', '', 'ac:d1:b8:q5:d4:bf', '6002.9261.bf9f', '2020'),
(193, 'PTPO18020-007', 'MTOPSD007-RENDAL OPS', '', '', 'Desktop', 135, 0, 'RENDALOPS', '047.PJ.KR/061/GMUPMT/2020', 1, 'PTPO/PC/MTW/2020/007', 'SEWA', 'K', 'Lcd baru 08/08/22, Pengganti 101 29/11/22', '9c:5a:44:91:33:2b', '2839.269a.1401', '2020'),
(194, 'PTPO18020-008', 'MTLOGD008-RATIH', '', '', 'Desktop', 136, 0, 'LOGISTIK', '047.PJ.KR/061/GMUPMT/2020', 1, 'PTPO/PC/MTW/2020/008', 'SEWA', 'K', '', '9c:5a:44:91:32:b9', '2839.2699.d1bb', '2020'),
(195, 'PTPO18020-009', 'MTLOGD009-ANGGRES', '', '', 'Desktop', 113, 34, 'LOGISTIK', '047.PJ.KR/061/GMUPMT/2020', 1, 'PTPO/PC/MTW/2020/009', 'SEWA', 'K', '', '9c:5a:44:91:32:c3', '2839.2699.cbb5', '2020'),
(196, 'PTPO18020-010', 'MTLOGD010-RIDIAN', '', '', 'Desktop', 137, 0, 'LOGISTIK', '047.PJ.KR/061/GMUPMT/2020', 1, 'PTPO/PC/MTW/2020/010', 'SEWA', 'K', '', 'ac:b1:b8:05:d7:79', '6002.9261.A83c', '2020'),
(197, 'PTPO18020-011', 'MTEQAD011-YULI', '', '', 'Desktop', 0, 0, 'MMRK', '047.PJ.KR/061/GMUPMT/2020', 1, 'PTPO/PC/MTW/2020/011', 'SEWA', 'K', 'Pengganti 024, punya master IT', '9c:5a:44:92:1c:bb', '2a39.2698.f163', '2020'),
(198, 'PTPO18020-012', 'MTHARD012-TONI', '', '', 'Desktop', 138, 159, 'LINGKUNGAN', '047.PJ.KR/061/GMUPMT/2020', 1, 'PTPO/PC/MTW/2020/012', 'SEWA', 'K', '', '28:39:26:9a:20:c7', '2839.269a.20c7', '2020'),
(199, 'PTPO18020-013', 'MTHARD013-GEOVANI', '', '', 'Desktop', 0, 162, 'LINGKUNGAN', '047.PJ.KR/061/GMUPMT/2020', 1, 'PTPO/PC/MTW/2020/013', 'SEWA', 'K', '', '24:39:26:9a:1b:65', '2839.269a.1b65', '2020'),
(200, 'PTPO18020-014', 'MTEQAD014-HARTI', '', '', 'Desktop', 139, 0, 'EXKEPATUHAN1', '047.PJ.KR/061/GMUPMT/2020', 1, 'PTPO/PC/MTW/2020/014', 'SEWA', 'K', '', '28:39:26:99:E7:01', '9C5A.4492.1ED8', '2020'),
(201, 'PTPO18020-015', 'MTEQAD015-EKO', '', '', 'Desktop', 140, 0, 'SO', '047.PJ.KR/061/GMUPMT/2020', 1, 'PTPO/PC/MTW/2020/015', 'SEWA', 'K', '', '28:39:26:99:6b:5b', '9c5a.4492.1d53', '2020'),
(202, 'PTPO18020-016', 'MTEQAD016-RATNA', '', '', 'Desktop', 141, 137, 'MMRK', '047.PJ.KR/061/GMUPMT/2020', 1, 'PTPO/PC/MTW/2020/016', 'SEWA', 'K', '', '28:39:26:9A:20:6F', '9C5A.4492.CCc5', '2020'),
(203, 'PTPO18020-017', 'MTEQAD017-TITO KARO.S', '', '', 'Desktop', 73, 0, 'SO', '047.PJ.KR/061/GMUPMT/2020', 1, 'PTPO/PC/MTW/2020/017', 'SEWA', 'K', 'lcd kedip awal on, ada di R.SO.IT 04-01-22', '9c:5a:44:92:c4:88', '2839.269a.1f9f', '2020'),
(204, 'PTPO18020-018', 'MTOPSD018-SPARE IT', '', '', 'Desktop', 69, 0, 'MCR1', '047.PJ.KR/061/GMUPMT/2020', 1, 'PTPO/PC/MTW/2020/018', 'SEWA', 'K', 'Pengganti MTOPSD095 10/05/22 LCD KEDIP 02/05/23 GANTI 161', '9c:5a:44:92:c4:93', '2839.269a.2067', '2020'),
(205, 'PTPO18020-019', 'MTKADD019-RIDHO', '', '', 'Desktop', 43, 100, 'KEUANGAN', '047.PJ.KR/061/GMUPMT/2020', 1, 'PTPO/PC/MTW/2020/019', 'SEWA', 'K', '', '9c:5a:44:92:c4:85', '2839.269a.1fa3', '2020'),
(206, 'PTPO18020-020', 'MTKADD020-ANTO', '', '', 'Desktop', 142, 0, 'UMUM', '047.PJ.KR/061/GMUPMT/2020', 1, 'PTPO/PC/MTW/2020/020', 'SEWA', 'K', '', '9c:5a:44:92:36:fa', '2839.269a.40f1', '2020'),
(207, 'PTPO18020-021', 'MTKADD021-PRIYATNO', '', '', 'Desktop', 143, 157, 'K3', '047.PJ.KR/061/GMUPMT/2020', 1, 'PTPO/PC/MTW/2020/021', 'SEWA', 'K', '', '9c:5a:44:92:c4:7e', '2839.269a.1b59', '2020'),
(208, 'PTPO18020-022', 'MTKADD022-DEWI', '', '', 'Desktop', 107, 0, 'UMUM', '047.PJ.KR/061/GMUPMT/2020', 1, 'PTPO/PC/MTW/2020/022', 'SEWA', 'K', '', '9c:5a:44:92:c5:69', '2839.269a.20c3', '2020'),
(209, 'PTPO18020-023', 'MTKADD023-ADE', '', '', 'Desktop', 144, 160, 'K3', '047.PJ.KR/061/GMUPMT/2020', 1, 'PTPO/PC/MTW/2020/023', 'SEWA', 'K', '', '9c:5a:44:92:c4:c1', '2839.2699.d873', '2020'),
(210, 'PTPO18020-024', 'MTHARD024-PELAYANANK3', '', '', 'Desktop', 93, 0, 'EXKEPATUHAN1', '047.PJ.KR/061/GMUPMT/2020', 1, 'PTPO/PC/MTW/2020/024', 'SEWA', 'K', 'EX-YULI digunakan k3 020223', '9c:5a:44:92:1d:77', '2839.269a.1b8d', '2020'),
(211, 'PTPO18020-025', 'SPARE IT', '', '', 'Desktop', 145, 218, 'LOGISTIK', '047.PJ.KR/061/GMUPMT/2020', 1, 'PTPO/PC/MTW/2020/025', 'SEWA', 'K', 'Lcd kedip ganti 140 ex haris 27/04/23', '9c:5a:44:92:1c:93', '2a39.2698.p2a5', '2020'),
(212, 'PTPO18020-026', 'MTLOGDO26-LUTFI', '', '', 'Desktop', 146, 0, 'LOGISTIK', '047.PJ.KR/061/GMUPMT/2020', 1, 'PTPO/PC/MTW/2020/026', 'SEWA', 'K', '', '9c:5a:44:92:1d:76', '2839.2699.12c1', '2020'),
(213, 'PTPO18020-027', 'MTOPSDO27-PTW KARYAT', '', '', 'Desktop', 147, 0, 'RENDALOPS', '047.PJ.KR/061/GMUPMT/2020', 1, 'PTPO/PC/MTW/2020/027', 'SEWA', 'K', 'Pengganti desktop hitaM/lama 26/01/23', '9c:5a:44:92:c5:62', '2839.2698.f305', '2020'),
(214, 'PTPO18020-028', 'MTOPSD028-MUAMAR', '', '', 'Desktop', 148, 0, 'UMUM', '047.PJ.KR/061/GMUPMT/2020', 1, 'PTPO/PC/MTW/2020/028', 'SEWA', 'K', '', '9c:5a:44:92:c4:e6', '2839.2698.f315', '2020'),
(215, 'PTPO18020-029', 'MTHARD029-FAUZAN', '', '', 'Desktop', 0, 0, 'BENGKELMEKANIK', '047.PJ.KR/061/GMUPMT/2020', 1, 'PTPO/PC/MTW/2020/029', 'SEWA', 'K', 'Ex-awang Pengganti desktop 154 20/03/23', '9c:5a:44:92:1c:5b', '2839.2699.6567', '2020'),
(216, 'PTPO18020-030', 'MTKADD030-CHAN CHAN', '', '', 'Desktop', 114, 99, 'KEUANGAN', '047.PJ.KR/061/GMUPMT/2020', 1, 'PTPO/PC/MTW/2020/030', 'SEWA', 'K', '', '9c:5a:44:92:1e:ef', '2839.269a.3fd7', '2020'),
(217, 'PTPO18020-031', 'MTKADD031-ZIA', '', '', 'Desktop', 44, 97, 'KEUANGAN', '047.PJ.KR/061/GMUPMT/2020', 1, 'PTPO/PC/MTW/2020/031', 'SEWA', 'K', '', '9c:5a:44:92:1c:de', '2839.2697.fb45', '2020'),
(218, 'PTPO18020-032', 'MTKADD032-ARIS', '', '', 'Desktop', 146, 146, 'UMUM', '047.PJ.KR/061/GMUPMT/2020', 1, 'PTPO/PC/MTW/2020/032', 'SEWA', 'K', '', '9c:5a:44:92:1d:b8', '2839.2697.428b', '2020'),
(219, 'PTPO18020-033', 'MTKADD033-UDIN', '', '', 'Desktop', 105, 145, 'UNKNOWN', '047.PJ.KR/061/GMUPMT/2020', 1, 'PTPO/PC/MTW/2020/033', 'SEWA', 'K', '', '9c:5A:44:92:C4:86', '2838.269A.1FC3', '2020'),
(220, 'PTPO18020-034', 'MTHARD034-IING', '', '', 'Desktop', 149, 156, 'K3', '047.PJ.KR/061/GMUPMT/2020', 1, 'PTPO/PC/MTW/2020/034', 'SEWA', 'K', '', '9c:5a:44:92:1e:12', '2839.2697.7867', '2020'),
(221, 'PTPO18020-035', 'MTKADD035-BERITA ACARA', '', '', 'Desktop', 150, 108, 'KEUANGAN', '047.PJ.KR/061/GMUPMT/2020', 1, 'PTPO/PC/MTW/2020/035', 'SEWA', 'K', '', '59:5a:44:92:c3:6e', '2839.2999.6817', '2020'),
(222, 'PTPO18020-036', 'MTLOGD036-JATMIKO', '', '', 'Desktop', 151, 201, 'INVENTORI', '047.PJ.KR/061/GMUPMT/2020', 1, 'PTPO/PC/MTW/2020/036', 'SEWA', 'K', '', '9c:5a:44:92:c5:98', '2839.269a.206d', '2020'),
(223, 'PTPO18020-037', 'MTKADD037-DIKA', '', '', 'Desktop', 148, 143, 'SDM', '047.PJ.KR/061/GMUPMT/2020', 1, 'PTPO/PC/MTW/2020/037', 'SEWA', 'K', '', '9c:5a:44:92:c5:8a', '2839.269a.1d8b', '2020'),
(224, 'PTPO18020-038', 'MTEQAD038-ARIEF.S', '', '', 'Desktop', 91, 0, 'LOGISTIK', '047.PJ.KR/061/GMUPMT/2020', 1, 'PTPO/PC/MTW/2020/038', 'SEWA', 'K', '', '9c:5a:44:92:1c:e7', '2839.2698.f2a3', '2020'),
(225, 'PTPO18020-039', 'MTKADD039-DEDI', '', '', 'Desktop', 152, 109, 'KEUANGAN', '047.PJ.KR/061/GMUPMT/2020', 1, 'PTPO/PC/MTW/2020/039', 'SEWA', 'K', '', '9c:5a:44:92:1c:22', '2839.2699.f75d', '2020'),
(226, 'PTPO18020-040', 'MTLOGD040-SULHAN', '', '', 'Desktop', 7, 0, 'LOGISTIK', '047.PJ.KR/061/GMUPMT/2020', 1, 'PTPO/PC/MTW/2020/040', 'SEWA', 'K', '', '9c:5a:44:92:c4:94', '2839.269a.1f8b', '2020'),
(227, 'PTPO18020-041', 'MTHARD041-WAHYUDI', '', '', 'Desktop', 153, 69, 'K3', '047.PJ.KR/061/GMUPMT/2020', 1, 'PTPO/PC/MTW/2020/041', 'SEWA', 'K', '', '9c:5a:44:92:1f:58', '2839.2697.6bd1', '2020'),
(228, 'PTPO18020-042', 'MTKADD042-AMIN', '', '', 'Desktop', 75, 206, 'SDM', '047.PJ.KR/061/GMUPMT/2020', 1, 'PTPO/PC/MTW/2020/042', 'SEWA', 'K', '', '9c:5a:44:92:c4:96', '2839.269a.1b91', '2020'),
(229, 'PTPO18020-043', 'MTHARD043-BAYU', '', '', 'Desktop', 154, 76, 'TO', '047.PJ.KR/061/GMUPMT/2020', 1, 'PTPO/PC/MTW/2020/043', 'SEWA', 'K', '', '9c:5a:44:92:c5:6a', '2839.2999.d817', '2020'),
(230, 'PTPO18020-044', 'MTKADD044-TIARA', '', '', 'Desktop', 155, 134, 'SDM', '047.PJ.KR/061/GMUPMT/2020', 1, 'PTPO/PC/MTW/2020/044', 'SEWA', 'K', '', '9C:5A:44:92:C5:4A', '2839.269A.1fbf', '2020'),
(231, 'PTPO18020-045', 'MTLOGD045-GUMILANG', '', '', 'Desktop', 156, 0, 'LOGISTIK', '047.PJ.KR/061/GMUPMT/2020', 1, 'PTPO/PC/MTW/2020/045', 'SEWA', 'K', '', '9c:5a:44:92:c5:7f', '2839.269a.1e8b', '2020'),
(232, 'PTPO18020-046', 'MTLOGD046-VILAN', '', '', 'Desktop', 157, 0, 'LOGISTIK', '047.PJ.KR/061/GMUPMT/2020', 1, 'PTPO/PC/MTW/2020/046', 'SEWA', 'K', '', '9c:5a:44:92:c3:a1', '2839.2698.f259', '2020'),
(233, 'PTPO18020-047', 'MTKADD047-MUHAROM', '', '', 'Desktop', 81, 115, 'SDM', '047.PJ.KR/061/GMUPMT/2020', 1, 'PTPO/PC/MTW/2020/047', 'SEWA', 'K', '', '9c:5a:44:92:c3:e7', '2839.2698.f2f3', '2020'),
(234, 'PTPO18020-048', 'MTKADD048-TEDI', '', '', 'Desktop', 124, 127, 'UMUM', '047.PJ.KR/061/GMUPMT/2020', 1, 'PTPO/PC/MTW/2020/048', 'SEWA', 'K', '', '9c:5a:44:92:c4:98', '2839.2698.f313', '2020'),
(235, 'PTPO18020-049', 'MTKADD049-INDRAS', '', '', 'Desktop', 158, 112, 'KEUANGAN', '047.PJ.KR/061/GMUPMT/2020', 1, 'PTPO/PC/MTW/2020/049', 'SEWA', 'K', '', '95:5a:44:92:1d:d1', '2839.2697.87e3', '2020'),
(236, 'PTPO18020-050', 'MTHARD050-MIRA', '', '', 'Desktop', 159, 0, 'LINGKUNGAN', '047.PJ.KR/061/GMUPMT/2020', 1, 'PTPO/PC/MTW/2020/050', 'SEWA', 'K', '', '9c:5a:44:92:c5:93', '2839.2698.f16b', '2020'),
(237, 'PTPO18020-051', 'MTHARD051-PRICILE', '', '', 'Desktop', 160, 161, 'LINGKUNGAN', '047.PJ.KR/061/GMUPMT/2020', 1, 'PTPO/PC/MTW/2020/051', 'SEWA', 'K', '', '28:39:26:9a:47:89', '9c5a.4492.c4d9', '2020'),
(238, 'PTPO18020-052', 'MTKADD052-BINTANG', '', '', 'Desktop', 0, 83, 'UMUM', '047.PJ.KR/061/GMUPMT/2020', 1, 'PTPO/PC/MTW/2020/052', 'SEWA', 'K', '', '28:39:26:99:ed:67', '9c5a.4492.1cc4', '2020'),
(239, 'PTPO18020-053', 'MTEQAD053-SERVER.TO', '', '', 'Desktop', 0, 0, 'TO', '047.PJ.KR/061/GMUPMT/2020', 1, 'PTPO/PC/MTW/2020/053', 'SEWA', 'K', '', '28:39:26:99:f2:e1', '9c5a.4491.9b0b', '2020'),
(240, 'PTPO18020-054', 'MTKADD054-BACHTIAR', '', '', 'Desktop', 50, 120, 'UMUM', '047.PJ.KR/061/GMUPMT/2020', 1, 'PTPO/PC/MTW/2020/054', 'SEWA', 'K', 'Desktop ke laptop, desktop ada di r.so.it', '28:39:26:9a:1d:85', '9c5a.4492.c537', '2020'),
(241, 'PTPO18020-055', 'MTHARD055-STEFANI', '', '', 'Desktop', 47, 196, 'MO', '047.PJ.KR/061/GMUPMT/2020', 1, 'PTPO/PC/MTW/2020/055', 'SEWA', 'K', '', '28:39:26:9a:20:d3', '9c5a.4492.1e7e', '2020'),
(242, 'PTPO18020-056', 'MTOPSDO56-BAGUS.K', '', '', 'Desktop', 161, 0, 'MCR1', '047.PJ.KR/061/GMUPMT/2020', 1, 'PTPO/PC/MTW/2020/056', 'SEWA', 'K', 'Ex-Yoan, desktop penganti MTOPSD096', '9c:5a:44:92:c4:de', '2839.2698.f187', '2020'),
(243, 'PTPO18020-057', 'MTKADD057-BAHTIAR', '', '', 'Desktop', 0, 0, 'UMUM', '047.PJ.KR/061/GMUPMT/2020', 1, 'PTPO/PC/MTW/2020/057', 'SEWA', 'K', '', '9c:5a:44:92:1f:17', '2839.2697.4469', '2020'),
(244, 'PTPO18020-058', 'MTHARD058-YOGA', '', '', 'Desktop', 80, 0, 'MO', '047.PJ.KR/061/GMUPMT/2020', 1, 'PTPO/PC/MTW/2020/058', 'SEWA', 'K', 'Desktop ke laptop, ada di IT', '9c:5a:44:92:1d:19', '2839.2699.f137', '2020'),
(245, 'PTPO18020-059', 'MTHARD059-FIKRI', '', '', 'Desktop', 162, 0, 'MO', '047.PJ.KR/061/GMUPMT/2020', 1, 'PTPO/PC/MTW/2020/059', 'SEWA', 'K', '', '9c:5A:44:92:1E:90', '2839.269A.4867', '2020'),
(246, 'PTPO18020-060', 'MTHARD060-SUGENG', '', '', 'Desktop', 163, 44, 'SARANA', '047.PJ.KR/061/GMUPMT/2020', 1, 'PTPO/PC/MTW/2020/060', 'SEWA', 'K', '', '9c:5a:44:92:1c:6a', '2839.2699.f8c1', '2020'),
(247, 'PTPO18020-061', 'MTHARD061-RISWANDA', '', '', 'Desktop', 0, 204, 'MO', '047.PJ.KR/061/GMUPMT/2020', 1, 'PTPO/PC/MTW/2020/061', 'SEWA', 'K', 'Ada di r.so.it', '9c:5a:44:92:c5:31', '2839.269a.204b', '2020'),
(248, 'PTPO18020-062', 'MTHARD062-BILLY.S', '', '', 'Desktop', 0, 39, 'SARANA', '047.PJ.KR/061/GMUPMT/2020', 1, 'PTPO/PC/MTW/2020/062', 'SEWA', 'K', '', '9c:5a:44:92:c3:5a', '2939.2698.f2a7', '2020'),
(249, 'PTPO18020-063', 'MTHARD063-DHIKA', '', '', 'Desktop', 8, 74, 'SARANA', '047.PJ.KR/061/GMUPMT/2020', 1, 'PTPO/PC/MTW/2020/063', 'SEWA', 'K', '', '9c:5a:44:92:1f:1a', '2839.2897.6967', '2020'),
(250, 'PTPO18020-064', 'MTHARD064-RONI', '', '', 'Desktop', 164, 51, 'SARANA', '047.PJ.KR/061/GMUPMT/2020', 1, 'PTPO/PC/MTW/2020/064', 'SEWA', 'K', '', '9c:5a:44:92:1c:32', '2839.2698.f2af', '2020'),
(251, 'PTPO18020-065', 'MTHARD065-BUDIYONO', '', '', 'Desktop', 67, 0, 'SPVRENHAR', '047.PJ.KR/061/GMUPMT/2020', 1, 'PTPO/PC/MTW/2020/065', 'SEWA', 'K', '', '9c:5a:44:92:c4:12', '2839.2698.f23f', '2020'),
(252, 'PTPO18020-066', 'MTHARD066-RAPATRENDALHAR', '', '', 'Desktop', 0, 0, 'RENDALHAR1', '047.PJ.KR/061/GMUPMT/2020', 1, 'PTPO/PC/MTW/2020/066', 'SEWA', 'K', 'Ex-Hj.Dedy rendal 15/06/23', '9c:5a:44:92:1b:1c', '2839.269a.1b8f', '2020'),
(253, 'PTPO18020-067', 'MTOPSD067-SPV CCR 3-4', NULL, NULL, 'Desktop', 0, 167, 'CCR', '047.PJ.KR/061/GMUPMT/2020', 1, 'PTPO/PC/MTW/2020/067', 'SEWA', 'K', 'lcd kedip ganti 091 10/03/23 ,EX CNG lcd kedip, SDH SERVICE,\r\nPengganti  desktop spv ccr 3.4', '9c:5a:44:9c:c4:89', '2839.269a.1c67', '2020'),
(254, 'PTPO18020-068', 'MTHARD068-SETO', '', '', 'Desktop', 165, 0, 'KONIN', '047.PJ.KR/061/GMUPMT/2020', 1, 'PTPO/PC/MTW/2020/068', 'SEWA', 'K', 'Desktop ke laptop X priagung, digunakan seto 060223', '9c:5a:44:92:c4:14', '2839.269a.208d', '2020'),
(255, 'PTPO18020-069', 'MTHARD069-SAPRI', '', '', 'Desktop', 129, 95, 'RENDALOPS', '047.PJ.KR/061/GMUPMT/2020', 1, 'PTPO/PC/MTW/2020/069', 'SEWA', 'K', '', '9c:5a:44:92:c4:d7', '2839.269a.1fbd', '2020'),
(256, 'PTPO18020-070', 'MTHARD070-OSLO', '', '', 'Desktop', 166, 0, 'K3', '047.PJ.KR/061/GMUPMT/2020', 1, 'PTPO/PC/MTW/2020/070', 'SEWA', 'K', '', '9c:5a:44:92:1b:34', '2839.2698.f245', '2020'),
(257, 'PTPO18020-071', 'MTHARD071-LISTRIK 1.2', '', '', 'Desktop', 167, 0, 'BENGKELLISTRIK', '047.PJ.KR/061/GMUPMT/2020', 1, 'PTPO/PC/MTW/2020/071', 'SEWA', 'K', 'Pengganti 145 lcd berkedip 10/05/22', '9c:5a:44:92:c3:70', '2839.269a.2017', '2020'),
(258, 'PTPO18020-072', 'MTHARD072-RONI.G', '', '', 'Desktop', 0, 68, 'RENDALHAR1', '047.PJ.KR/061/GMUPMT/2020', 1, 'PTPO/PC/MTW/2020/072', 'SEWA', 'K', '', '9c:5a:44:92:c4:59', '2839.269a.2013', '2020'),
(259, 'PTPO18020-073', 'MTOPSD073-RIZKA', '', '', 'Desktop', 168, 13, 'LAB', '047.PJ.KR/061/GMUPMT/2020', 1, 'PTPO/PC/MTW/2020/073', 'SEWA', 'K', 'Desktop pengganti 107 04/06/22', '9c:5a:44:92:10:81', '2839.2699.1309', '2020'),
(260, 'PTPO18020-074', 'MTHARD074-DIPTA', '', '', 'Desktop', 0, 155, '', '047.PJ.KR/061/GMUPMT/2020', 1, 'PTPO/PC/MTW/2020/074', 'SEWA', 'K', 'Desktop ke laptop', '9c:5a:44:92:c3:ba', '2839.2699.db9f', '2020'),
(261, 'PTPO18020-075', 'MTHARD075-ANDIKA', '', '', 'Desktop', 66, 65, 'RENDALHAR1', '047.PJ.KR/061/GMUPMT/2020', 1, 'PTPO/PC/MTW/2020/075', 'SEWA', 'K', '', '9c:5a:44:92:1e:63', '2839:2699:6367', '2020'),
(262, 'PTPO18020-076', 'MTHARD076-FEBRI', '', '', 'Desktop', 169, 94, 'RENDALHAR1', '047.PJ.KR/061/GMUPMT/2020', 1, 'PTPO/PC/MTW/2020/076', 'SEWA', 'K', '', '9c:5a:44:92:c5:72', '2839.269a.202b', '2020'),
(263, 'PTPO18020-077', 'MTHARD077-DEDI.S', '', '', 'Desktop', 0, 86, 'RENDALHAR1', '047.PJ.KR/061/GMUPMT/2020', 1, 'PTPO/PC/MTW/2020/077', 'SEWA', 'K', '', '9c:5a:44:92:c5:77', '2839.269a.2057', '2020'),
(264, 'PTPO18020-078', 'MTKADD078-KAD.UMUM', '', '', 'Desktop', 0, 217, 'UMUM', '047.PJ.KR/061/GMUPMT/2020', 1, 'PTPO/PC/MTW/2020/078', 'SEWA', 'K', '', '9c:5a:44:92:1b:1a', '2839.269a.1b7f', '2020'),
(265, 'PTPO18020-079', 'MTEQAD079-DIAH', '', '', 'Desktop', 170, 0, 'SO', '047.PJ.KR/061/GMUPMT/2020', 1, 'PTPO/PC/MTW/2020/079', 'SEWA', 'K', 'Desktop pengganti MTEQAD018,EX-Pujiono', '9c:5a:44:92:c4:dd', '2839.269a.1e99', '2020'),
(266, 'PTPO18020-080', 'MTHARD080-KHOIRUL', '', '', 'Desktop', 90, 158, 'LINGKUNGAN', '047.PJ.KR/061/GMUPMT/2020', 1, 'PTPO/PC/MTW/2020/080', 'SEWA', 'K', '', '9c:5a:44:92:1c:67', '2839.2697.42f1', '2020'),
(267, 'PTPO18020-081', 'MTHARD081-TASFIN', '', '', 'Desktop', 117, 0, 'SPVK3', '047.PJ.KR/061/GMUPMT/2020', 1, 'PTPO/PC/MTW/2020/081', 'SEWA', 'K', '', '9c:5a:44:92:1c:f2', '2839.2698.f213', '2020'),
(268, 'PTPO18020-082', 'MTKADD082-REABILITY', '', '', 'Desktop', 0, 0, 'RELIABILITY', '047.PJ.KR/061/GMUPMT/2020', 1, 'PTPO/PC/MTW/2020/082', 'SEWA', 'K', '', '9c:5a:44:92:c4:da', '2839.2698.f1cb', '2020');
INSERT INTO `komputer` (`komp_id`, `id_perangkat`, `hostname`, `merk_type`, `port`, `kategori`, `user_id`, `ip_id`, `lokasi`, `referensi`, `os_id`, `inventaris`, `status`, `penggunaan`, `keterangan`, `mac`, `macc`, `tahun`) VALUES
(269, 'PTPO18020-083', 'MTOPSD083-DESAL1', '', '', 'Desktop', 0, 0, 'DESAL', '047.PJ.KR/061/GMUPMT/2020', 1, 'PTPO/PC/MTW/2020/00583', 'SEWA', 'K', '', '9c:5a:44:94:b0:e4', '2839.2697.8a0b', '2020'),
(270, 'PTPO18020-084', 'MTOPSD084-PTW', '', '', 'Desktop', 0, 0, 'K3', '047.PJ.KR/061/GMUPMT/2020', 1, 'PTPO/PC/MTW/2020/084', 'SEWA', 'K', '', '9c:5a:44:92:1c:ea', '2839.2698.f199', '2020'),
(271, 'PTPO18020-085', 'MTHARD085-SIGIT', '', '', 'Desktop', 128, 78, 'BENGKELLISTRIK', '047.PJ.KR/061/GMUPMT/2020', 1, 'PTPO/PC/MTW/2020/085', 'SEWA', 'K', '', '9c:5a:44:92:1c:f7', '2839.2699.6b7b', '2020'),
(272, 'PTPO18020-086', 'MTHARD086-ARYA', '', '', 'Desktop', 0, 0, 'BENGKELLISTRIK', '047.PJ.KR/061/GMUPMT/2020', 1, 'PTPO/PC/MTW/2020/086', 'SEWA', 'K', '', '9c:5a:44:92:c3:f9', '2839.269a.1fc5', '2020'),
(273, 'PTPO18020-087', 'MTOPSD087-CCR3.4', '', '', 'Desktop', 0, 0, 'CCR34', '047.PJ.KR/061/GMUPMT/2020', 1, 'PTPO/PC/MTW/2020/087', 'SEWA', 'K', '', '9c:5a:44:92:c4:3e', '2839.2699.f741', '2020'),
(274, 'PTPO18020-088', 'MTOPSD088-LABOR B-5', '', '', 'Desktop', 0, 0, 'LAB', '047.PJ.KR/061/GMUPMT/2020', 1, 'PTPO/PC/MTW/2020/088', 'SEWA', 'K', 'Diganti 155, yg 088 sering hang', '9c:5a:44:92:1f:03', '2839.2697.3d9f', '2020'),
(275, 'PTPO18020-089', 'MTOPSD169-CCR 3.4-2', '', '', 'Desktop', 0, 0, 'CCR34', '047.PJ.KR/061/GMUPMT/2020', 1, 'PTPO/PC/MTW/2020/089', 'SEWA', 'K', 'Pengganti MTOPSD-169.14/03/22', '9c:5a:44:92:1e:28', '2839.269a.28c3', '2020'),
(276, 'PTPO18020-090', 'MTHARD090-MEKANIK 1-2', '', '', 'Desktop', 59, 0, 'BENGKELMEKANIK', '047.PJ.KR/061/GMUPMT/2020', 1, 'PTPO/PC/MTW/2020/090', 'SEWA', 'K', 'Pengganti desktop hitam 28/12/22,090 Lcd kedip ganti 158 16/03/23  Service', '9c:5a:44:92:c4:21', '2839.269a.1b83', '2020'),
(277, 'PTPO18020-091', 'MTOPSD091-CCRCNG', '', '', 'Desktop', 0, 89, 'CCR', '047.PJ.KR/061/GMUPMT/2020', 1, 'PTPO/PC/MTW/2020/091', 'SEWA', 'K', 'Pengganti 067 kedip 10/03/23', '9c:5a:44:92:1e:6e', '2839.2699.ae13', '2020'),
(278, 'PTPO18020-092', 'MTHARD092-DOKTER', '', '', 'Desktop', 0, 163, 'K3', '047.PJ.KR/061/GMUPMT/2020', 1, 'PTPO/PC/MTW/2020/092', 'SEWA', 'K', '', '9c:5a:44:92:c5:0d', '2839.269a.1e83', '2020'),
(279, 'PTPO18020-093', 'MTLOGDO27-IRSAM', '', '', 'Desktop', 147, 0, 'LOGISTIK', '047.PJ.KR/061/GMUPMT/2020', 1, 'PTPO/PC/MTW/2020/093', 'SEWA', 'K', 'Lcd baru 08/08/22, Pengganti 027', '9c:5a:44:92:c4:90', '2839.2698.f2f5', '2020'),
(280, 'PTPO18020-094', 'MTKADD094-SDM01', '', '', 'Desktop', 0, 0, 'SDM', '047.PJ.KR/061/GMUPMT/2020', 1, 'PTPO/PC/MTW/2020/094', 'SEWA', 'K', 'lcd baru 08/08/22', '9c:5a:44:92:c5:61', '2839.269a.1b85', '2020'),
(281, 'PTPO18020-095', 'MTKADD095-SPV SDM', '', '', 'Desktop', 161, 117, 'SDM', '047.PJ.KR/061/GMUPMT/2020', 1, 'PTPO/PC/MTW/2020/095', 'SEWA', 'K', 'Lcd baru 08/08/22, SDM', '9c:5a:44:92:c3:94', '2839.2698.f2ed', '2020'),
(282, 'PTPO18020-096', 'MTOPSD096-MCRB5', '', '', 'Desktop', 161, 188, 'MCRB5', '047.PJ.KR/061/GMUPMT/2020', 1, 'PTPO/PC/MTW/2020/096', 'SEWA', 'K', 'Pengganti MTOPSD-094 23/05/22', '9c:5a:44:92:c3:52', '2839.2698.f1bf', '2020'),
(283, 'PTPO18020-097', 'MTLOGD097-LISTRIK1.2-2', '', '', 'Desktop', 7, 0, 'BENGKELLISTRIK', '047.PJ.KR/061/GMUPMT/2020', 1, 'PTPO/PC/MTW/2020/097', 'SEWA', 'K', 'INPUT TOOL /Pengganti 147', '9c:5a:44:9:c3:64', '2839.2698.f2ef', '2020'),
(284, 'PTPO18020-098', 'MTOPSD098-SYAIFUL.A', '', '', 'Desktop', 36, 0, 'RENDALOPS', '047.PJ.KR/061/GMUPMT/2020', 1, 'PTPO/PC/MTW/2020/098', 'SEWA', 'K', '', '9c:5a:44:92:1d:f6', '2839.2699.fbf7', '2020'),
(285, 'PTPO18020-099', 'MTHARD099-ALI', '', '', 'Desktop', 171, 165, 'LINGKUNGAN', '047.PJ.KR/061/GMUPMT/2020', 1, 'PTPO/PC/MTW/2020/098', 'SEWA', 'K', '', '9c:5a:44:92:c5:89', '2a39.2699.db69', '2020'),
(286, 'PTPO18020-100', 'MTOPSD100-TONY.EKA', '', '', 'Desktop', 172, 0, 'RENDALOPS', '047.PJ.KR/061/GMUPMT/2020', 1, 'PTPO/PC/MTW/2020/100', 'SEWA', 'K', '', '9c:5a:44:9a:b1:25', '2839.269a.1d1b', '2020'),
(287, 'PTPO18020-101', 'SPARE IT', '', '', 'Desktop', 37, 90, 'LOGISTIK', '047.PJ.KR/061/GMUPMT/2020', 1, 'PTPO/PC/MTW/2020/101', 'SEWA', 'K', 'Lcd kedip 14/07/23 EX Gudang r.karantina, diganti 147', '9c:5a:44:92:c3:ac', '2839.269a.20d7', '2020'),
(288, 'PTPO18020-102', 'MTHARD102-HOLIK', '', '', 'Desktop', 89, 64, 'BENGKELLISTRIKB5', '047.PJ.KR/061/GMUPMT/2020', 1, 'PTPO/PC/MTW/2020/102', 'SEWA', 'K', '', '9c:5a:44:92:c3:e9', '2839.269a.1e81', '2020'),
(289, 'PTPO18020-103', 'MTHARD103-RIZAL', '', '', 'Desktop', 173, 0, 'BENGKELLISTRIKB5', '047.PJ.KR/061/GMUPMT/2020', 1, 'PTPO/PC/MTW/2020/103', 'SEWA', 'K', '', '9c:5a:44:92:c4:f2', '2839.269a.1f91', '2020'),
(290, 'PTPO18020-104', 'MTHARD104-ALAM', '', '', 'Desktop', 174, 0, 'BENGKELLISTRIKB5', '047.PJ.KR/061/GMUPMT/2020', 1, 'PTPO/PC/MTW/2020/104', 'SEWA', 'K', '', '9c:5a:44:92:1d:c2', '2839.2697.4057', '2020'),
(291, 'PTPO18020-105', 'MTOPSD105-DEDI.H', '', '', 'Desktop', 127, 0, 'LAB', '047.PJ.KR/061/GMUPMT/2020', 1, 'PTPO/PC/MTW/2020/105', 'SEWA', 'K', '', '9c:5a:44:92:c5:6c', '2839.269a.2039', '2020'),
(292, 'PTPO18020-106', 'MTHARD106-SOFYAN', '', '', 'Desktop', 175, 203, 'BENGKELLISTRIKB5', '047.PJ.KR/061/GMUPMT/2020', 1, 'PTPO/PC/MTW/2020/106', 'SEWA', 'K', 'Server listrik b5', '9c:5a:44:92:c4:80', '2839.269a.2037', '2020'),
(293, 'PTPO18020-107', 'SPARE IT', '', '', 'Desktop', 168, 0, 'LAB', '047.PJ.KR/061/GMUPMT/2020', 1, 'PTPO/PC/MTW/2020/107', 'SEWA', 'K', 'Lcd berkedip, diganti dgn MTOPSD073. 04/07-22', '9c:5a:44:92:c3:a6', '2839.269a.1f8f', '2020'),
(294, 'PTPO18020-108', 'MTHARD108-AGUNG', '', '', 'Desktop', 176, 0, 'BENGKELLISTRIKB5', '047.PJ.KR/061/GMUPMT/2020', 1, 'PTPO/PC/MTW/2020/108', 'SEWA', 'K', '', '9c:5a:44:92:1c:be', '2839.2697.3a9b', '2020'),
(295, 'PTPO18020-109', 'MTHARD109-PRIMA', '', '', 'Desktop', 76, 0, 'BENGKELMEKANIK', '047.PJ.KR/061/GMUPMT/2020', 1, 'PTPO/PC/MTW/2020/109', 'SEWA', 'K', '', '9c:5a:44:92:1c:fe', '2839.269a.1fcd', '2020'),
(296, 'PTPO18020-110', 'MTHARD110-DIRMAN', '', '', 'Desktop', 177, 0, 'BENGKELMEKANIK', '047.PJ.KR/061/GMUPMT/2020', 1, 'PTPO/PC/MTW/2020/110', 'SEWA', 'K', '', '9c:5a:44:92:1d:0d', '2839.269a.1ceb', '2020'),
(297, 'PTPO18020-111', 'MTHARD111-LISTRIK 1-2', '', '', 'Desktop', 0, 0, 'BENGKELLISTRIK', '047.PJ.KR/061/GMUPMT/2020', 1, 'PTPO/PC/MTW/2020/111', 'SEWA', 'K', 'Pengganti desktop 167 ', '9c:5a:44:92:c3:9c', '2839.269a.203f', '2020'),
(298, 'PTPO18020-112', 'MTHARD112-MEKANIK3.4', '', '', 'Desktop', 0, 0, 'BENGKELMEKANIK', '047.PJ.KR/061/GMUPMT/2020', 1, 'PTPO/PC/MTW/2020/112', 'SEWA', 'K', '', '9c:5a:44:92:10:d4', '2839.2699.6b57', '2020'),
(299, 'PTPO18020-113', 'MTHARD113-YUNAS', '', '', 'Desktop', 62, 0, 'BENGKELMEKANIKB5', '047.PJ.KR/061/GMUPMT/2020', 1, 'PTPO/PC/MTW/2020/113', 'SEWA', 'K', '', '9c:5a:44:92:1c:e9', '2839.2697.39e1', '2020'),
(300, 'PTPO18020-114', 'MTHARD114-INAL', '', '', 'Desktop', 178, 0, 'BENGKELMEKANIKB5', '047.PJ.KR/061/GMUPMT/2020', 1, 'PTPO/PC/MTW/2020/114', 'SEWA', 'K', '', '9c:5a:44:92:1e:c6', '2839.2699.afc9', '2020'),
(301, 'PTPO18020-115', 'MTHARD115-SYARIF', '', '', 'Desktop', 179, 0, 'BENGKELMEKANIKB5', '047.PJ.KR/061/GMUPMT/2020', 1, 'PTPO/PC/MTW/2020/115', 'SEWA', 'K', '', '9c:5a:44:92:1f:5e', '2839.269a.3f1f', '2020'),
(302, 'PTPO18020-116', 'MTHARD116-SUWOKO', '', '', 'Desktop', 180, 0, 'BENGKELMEKANIKB5', '047.PJ.KR/061/GMUPMT/2020', 1, 'PTPO/PC/MTW/2020/116', 'SEWA', 'K', '', '9c:5a:44:92:c5:80', ' 2039.269a.205d', '2020'),
(303, 'PTPO18020-117', 'MTHARD117-ALQA', '', '', 'Desktop', 85, 0, 'KONINB5', '047.PJ.KR/061/GMUPMT/2020', 1, 'PTPO/PC/MTW/2020/117', 'SEWA', 'K', '', '9c:5a:44:92:c4:1b', '2839.269a.1e93', '2020'),
(304, 'PTPO18020-118', 'MTHARD118-RAKEL', '', '', 'Desktop', 95, 205, 'KONINB5', '047.PJ.KR/061/GMUPMT/2020', 1, 'PTPO/PC/MTW/2020/118', 'SEWA', 'K', '', '9c:5a:44:92:1b:fd', '2839.2697.9399', '2020'),
(305, 'PTPO18020-119', 'MTHARD119-HUDA', '', '', 'Desktop', 181, 0, 'KONINB5', '047.PJ.KR/061/GMUPMT/2020', 1, 'PTPO/PC/MTW/2020/119', 'SEWA', 'K', '', '9c:5a:44:92:1d:71', '2839.269a.2275', '2020'),
(306, 'PTPO18020-120', 'MTHARD120-FARIS', '', '', 'Desktop', 182, 204, 'KONINB5', '047.PJ.KR/061/GMUPMT/2020', 1, 'PTPO/PC/MTW/2020/120', 'SEWA', 'K', '', '9c:5a:44:92:1c:34', '2839.269a.4177', '2020'),
(307, 'PTPO18020-121', 'MTHARD121-VINCENCIUS', '', '', 'Desktop', 0, 0, 'KONIN', '047.PJ.KR/061/GMUPMT/2020', 1, 'PTPO/PC/MTW/2020/121', 'SEWA', 'K', '', '9c:5A:44:92:1d:c4', '2839.2699.658f', '2020'),
(308, 'PTPO18020-122', 'MTHARD122-AJI', '', '', 'Desktop', 183, 0, 'KONIN', '047.PJ.KR/061/GMUPMT/2020', 1, 'PTPO/PC/MTW/2020/122', 'SEWA', 'K', '', '9c:5a:44:92:1f:74', '2839.269a.1fc9', '2020'),
(309, 'PTPO18020-123', 'MTHARD123-BIRAWA', '', '', 'Desktop', 184, 0, 'KONIN', '047.PJ.KR/061/GMUPMT/2020', 1, 'PTPO/PC/MTW/2020/123', 'SEWA', 'K', '', '9c:5a:44:c3:61', '2839.269a.1cd9', '2020'),
(310, 'PTPO18020-124', 'MTHARD124-SERVERKONIN', '', '', 'Desktop', 0, 208, 'KONIN', '047.PJ.KR/061/GMUPMT/2020', 1, 'PTPO/PC/MTW/2020/124', 'SEWA', 'K', '', '9c:5a:44:92:c3:f5', '2839.2699.db97', '2020'),
(311, 'PTPO18020-125', 'MTHARD125-MONITORINGB5', '', '', 'Desktop', 0, 0, 'KONINB5', '047.PJ.KR/061/GMUPMT/2020', 1, 'PTPO/PC/MTW/2020/125', 'SEWA', 'K', '', '9c:5a:44:92:1e:fd', '2839.2697.694f', '2020'),
(312, 'PTPO18020-126', 'MTOPSD126-EKOCNG', '', '', 'Desktop', 140, 0, 'CNG', '047.PJ.KR/061/GMUPMT/2020', 1, 'PTPO/PC/MTW/2020/126', 'SEWA', 'K', '', '9c:5a:44:92:1c:a7', '2839.2698.f2b1', '2020'),
(313, 'PTPO18020-127', 'MTKADD127-DIANTY', '', '', 'Desktop', 185, 98, 'KEUANGAN', '047.PJ.KR/061/GMUPMT/2020', 1, 'PTPO/PC/MTW/2020/127', 'SEWA', 'K', '', '9c:5a:44:92:c3:be', '2839.269a.1d1d', '2020'),
(314, 'PTPO18020-128', 'MTOPSD128-BAGUSCNG', '', '', 'Desktop', 27, 0, 'CNG', '047.PJ.KR/061/GMUPMT/2020', 1, 'PTPO/PC/MTW/2020/128', 'SEWA', 'K', '', '9c:5a:44:92:c4:97', '2839.269a.1cb7', '2020'),
(315, 'PTPO18020-129', 'MTOPSD129-OVERHOUL34', '', '', 'Desktop', 0, 0, 'CCR34', '047.PJ.KR/061/GMUPMT/2020', 1, 'PTPO/PC/MTW/2020/129', 'SEWA', 'K', 'Overhoul 3.4 sejak 11/12/20. posisi di g. pmt man cng,sdh diambil 27/03/23 charger tdk ada', '9c:5a:44:91:37:40', '2839.2699.da1a', '2020'),
(316, 'PTPO18020-130', 'MTOPSD130-GT22', '', '', 'Desktop', 0, 0, 'GT22', '047.PJ.KR/061/GMUPMT/2020', 1, 'PTPO/PC/MTW/2020/130', 'SEWA', 'K', '', '9c:5a:44:92:1c:b5', '2839.2697.94f5', '2020'),
(317, 'PTPO18020-131', 'MTHARD131-RICO34', '', '', 'Desktop', 186, 0, 'BENGKELLISTRIK', '047.PJ.KR/061/GMUPMT/2020', 1, 'PTPO/PC/MTW/2020/131', 'SEWA', 'K', '', '9c:5a:44:92:1d:52', '2839.2699.04e7', '2020'),
(318, 'PTPO18020-132', 'MTHARD132-WISNU.L34', '', '', 'Desktop', 187, 0, 'BENGKELLISTRIK', '047.PJ.KR/061/GMUPMT/2020', 1, 'PTPO/PC/MTW/2020/132', 'SEWA', 'K', '', '9c:5a:44:92:1d:fc', '2839.2699.65f1', '2020'),
(319, 'PTPO18020-133', 'MTHARD133-ALDA44', '', '', 'Desktop', 188, 0, 'BENGKELLISTRIK', '047.PJ.KR/061/GMUPMT/2020', 1, 'PTPO/PC/MTW/2020/133', 'SEWA', 'K', '', '9c:5a:44:92:c4:23', '2839.269a.20d5', '2020'),
(320, 'PTPO18020-134', 'MTHARD134-ARIEF.R34', '', '', 'Desktop', 31, 0, 'BENGKELLISTRIK', '047.PJ.KR/061/GMUPMT/2020', 1, 'PTPO/PC/MTW/2020/134', 'SEWA', 'K', '', '9c:5a:44:92:1d:11', '2839.2699.faef', '2020'),
(321, 'PTPO18020-135', 'MTHARD135-ANDES.L34', '', '', 'Desktop', 189, 0, 'BENGKELLISTRIK', '047.PJ.KR/061/GMUPMT/2020', 1, 'PTPO/PC/MTW/2020/135', 'SEWA', 'K', '', '9c:5a:44:92:1b:da', '2839.2699.db9d', '2020'),
(322, 'PTPO18020-136', 'MTHARD136-RIZKY34', '', '', 'Desktop', 190, 0, 'LINGKUNGAN', '047.PJ.KR/061/GMUPMT/2020', 1, 'PTPO/PC/MTW/2020/136', 'SEWA', 'K', '', '9c:5a:44:92:c5:25', '2839.269a.20dg', '2020'),
(323, 'PTPO18020-137', 'MTHARD137-HABIBI34', '', '', 'Desktop', 0, 0, 'BENGKELLISTRIK', '047.PJ.KR/061/GMUPMT/2020', 1, 'PTPO/PC/MTW/2020/136', 'SEWA', 'K', '', '28:39:26:99:d7:ef', '9c5a.4492.c4ae', '2020'),
(324, 'PTPO18020-138', 'MTEQAD0138-DONAR', '', '', 'Desktop', 45, 0, 'SO', '047.PJ.KR/061/GMUPMT/2020', 1, 'PTPO/PC/MTW/2020/138', 'SEWA', 'K', '', '28:39:26:99:db:71', '9c5a.4492.c560', '2020'),
(325, 'PTPO18020-139', 'MTHARD139-SERVERKONIN34', '', '', 'Desktop', 0, 168, 'KONIN', '047.PJ.KR/061/GMUPMT/2020', 1, 'PTPO/PC/MTW/2020/139', 'SEWA', 'K', '', '28:39:26:97:40:91', '9c5a.4492.1e3b', '2020'),
(326, 'PTPO18020-140', 'MTLOGD140-SINGGIH', '', '', 'Desktop', 145, 170, 'LOGISTIK', '047.PJ.KR/061/GMUPMT/2020', 1, 'PTPO/PC/MTW/2020/140', 'SEWA', 'K', 'Desktop pengganti 025 yg kedip. ex haris 27/04-23', '28:39:26:99:db:6f', '9c5a.4492.c413', '2020'),
(327, 'PTPO18020-141', 'MTHARD141-SPVKONIN12', '', '', 'Desktop', 86, 0, 'KONIN', '047.PJ.KR/061/GMUPMT/2020', 1, 'PTPO/PC/MTW/2020/141', 'SEWA', 'K', '', '28:39:26:9a:41:75', '9c5a.4492.1cf1', '2020'),
(328, 'PTPO18020-142', 'MTHARD142-ZULI', '', '', 'Desktop', 191, 173, 'KONIN', '047.PJ.KR/061/GMUPMT/2020', 1, 'PTPO/PC/MTW/2020/142', 'SEWA', 'K', '', '28:39:26:9a:1b:55', '9c5a.4492.c448', '2020'),
(329, 'PTPO18020-143', 'MTHARD143-AKHMAD', '', '', 'Desktop', 0, 80, 'KONIN', '047.PJ.KR/061/GMUPMT/2020', 1, 'PTPO/PC/MTW/2020/143', 'SEWA', 'K', '', '28:39:26:97:88:e9', '9c5a.4492.1e6f', '2020'),
(330, 'PTPO18020-144', 'MTHARD144-ZULFAN', '', '', 'Desktop', 0, 170, 'KONIN', '047.PJ.KR/061/GMUPMT/2020', 1, 'PTPO/PC/MTW/2020/144', 'SEWA', 'K', '', '28:39:26:99:66:b1', '9c5a.4492.1c07', '2020'),
(331, 'PTPO18020-145', 'MTHARD145-MEKANIK3.4', '', '', 'Desktop', 0, 0, 'BENGKELMEKANIK', '047.PJ.KR/061/GMUPMT/2020', 1, 'PTPO/PC/MTW/2020/145', 'SEWA', 'K', 'Lcd baru 08/08/22, pengganti 111 lcd kedip 11/08-22, GANTI LG  029 Tgl 20/03/23', '28:39:26:97:94:Ed', '9c5a.4492.1d83', '2020'),
(332, 'PTPO18020-146', 'MTHARD146-LISTRIK1.2-1', '', '', 'Desktop', 0, 0, 'BENGKELLISTRIK', '047.PJ.KR/061/GMUPMT/2020', 1, 'PTPO/PC/MTW/2020/146', 'SEWA', 'K', '', '9c:5a:44:92:c5:47', '2839.269a.2083', '2020'),
(333, 'PTPO18020-147', 'MTHARD147-R.SO.IT', '', '', 'Desktop', 0, 0, 'BENGKELLISTRIK', '047.PJ.KR/061/GMUPMT/2020', 1, 'PTPO/PC/MTW/2020/147', 'SEWA', 'K', 'LCD Kedip diganti 097 30/01/23', '9c:5a:44:92:c5:84', '2839.269a.2019', '2020'),
(334, 'PTPO18020-148', 'MTHARD148-MEKANIKB.1', '', '', 'Desktop', 0, 0, 'BENGKELMEKANIK', '047.PJ.KR/061/GMUPMT/2020', 1, 'PTPO/PC/MTW/2020/148', 'SEWA', 'K', '', '9c:5a:44:92:1e:a7', '2839.2697.4453', '2020'),
(335, 'PTPO18020-149', 'MTHARD149-FUAD', '', '', 'Desktop', 109, 74, 'MO', '047.PJ.KR/061/GMUPMT/2020', 1, 'PTPO/PC/MTW/2020/149', 'SEWA', 'K', '', '28:39:26:9a:1f:cb', '955a.4492.c3a4', '2020'),
(336, 'PTPO18020-150', 'MTHARD150-MEKANIK1.2-1', '', '', 'Desktop', 0, 0, 'BENGKELMEKANIK', '047.PJ.KR/061/GMUPMT/2020', 1, 'PTPO/PC/MTW/2020/150', 'SEWA', 'K', '', '28:39:26:99:f9:f9', '5c5a.4492.1d60', '2020'),
(337, 'PTPO18020-151', 'MTHARD151-ALISANDRA', '', '', 'Desktop', 192, 0, 'BENGKELMEKANIK', '047.PJ.KR/061/GMUPMT/2020', 1, 'PTPO/PC/MTW/2020/151', 'SEWA', 'K', '', '9c:5a:44:92:3d:95', '2839.2699.65ad', '2020'),
(338, 'PTPO18020-152', 'MTHARD152-MEKANIK1.2-2', '', '', 'Desktop', 0, 0, 'BENGKELMEKANIK', '047.PJ.KR/061/GMUPMT/2020', 1, 'PTPO/PC/MTW/2020/152', 'SEWA', 'K', '', '9c:5a:44:92:1d:78', '2839.2699.d85b', '2020'),
(339, 'PTPO18020-153', 'MTOPSD153-LABOR1.2', '', '', 'Desktop', 0, 0, 'LAB', '047.PJ.KR/061/GMUPMT/2020', 1, 'PTPO/PC/MTW/2020/153', 'SEWA', 'K', '', '9c:5a:44:92:1e:d1', '2839269a3ec7', '2020'),
(340, 'PTPO18020-154', 'MTHARD154-HISYAM', '', '', 'Desktop', 193, 0, 'KONIN', '047.PJ.KR/061/GMUPMT/2020', 1, 'PTPO/PC/MTW/2020/154', 'SEWA', 'K', '', '9c:5a:44:92:c5:12', '2839.269a.c512', '2020'),
(341, 'PTPO18020-155', 'MTOPSD155-CCR 3-4 RAPAT', '', '', 'Desktop', 0, 0, 'CCR34', '047.PJ.KR/061/GMUPMT/2020', 1, 'PTPO/PC/MTW/2020/155', 'SEWA', 'K', 'LCDKedip ganti 166 070223,Sdh servis, digunakan di labor b.5 16/05/23', '9c:5a:44:92:c4:8f', '2839.2698.f303', '2020'),
(342, 'PTPO18020-156', 'MTHARD156-RIJAL', '', '', 'Desktop', 194, 0, 'MCRB5', '047.PJ.KR/061/GMUPMT/2020', 1, 'PTPO/PC/MTW/2020/156', 'SEWA', 'K', '', '9c:5a:44:92:c3:eb', '2392.699.db7f', '2020'),
(343, 'PTPO18020-157', 'MTLOGD157-R.KOORDINASI LOG', '', '', 'Desktop', 0, 0, 'LOGISTIK', '047.PJ.KR/061/GMUPMT/2020', 1, 'PTPO/PC/MTW/2020/157', 'SEWA', 'K', '', '9c:5a:44:92:1d:04', '2839.269a.1c5a', '2020'),
(344, 'PTPO18020-158', 'MTHARL158-MEKANIK 1-2', '', '', 'Desktop', 30, 0, 'BENGKELMEKANIK', '047.PJ.KR/061/GMUPMT/2020', 1, 'PTPO/PC/MTW/2020/0158', 'SEWA', 'K', 'EX-TRYAS Desktop ke laptop,Pengganti 090 lcd kedip mekanik 1-2', '9c:5a:44:92:1d:9f', '2839.269a.232d', '2020'),
(345, 'PTPO18020-159', 'MTEQAD159-TO-1', '', '', 'Desktop', 0, 0, 'TO', '047.PJ.KR/061/GMUPMT/2020', 1, 'PTPO/PC/MTW/2020/159', 'SEWA', 'K', '', '9c:5a:44:92:1f:oa', '2839.2699.6535', '2020'),
(346, 'PTPO18020-160', 'MTEQAD160-TO-2', '', '', 'Desktop', 0, 0, 'TO', '047.PJ.KR/061/GMUPMT/2020', 1, 'PTPO/PC/MTW/2020/160', 'SEWA', 'K', '', '9c:5a:44:92:1c:d2', '2839.2699.36ed', '2020'),
(347, 'PTPO18020-161', 'MTOPSD161-MCR 1.2', '', '', 'Desktop', 165, 0, 'MCR1', '047.PJ.KR/061/GMUPMT/2020', 1, 'PTPO/PC/MTW/2020/161', 'SEWA', 'K', 'LCD kedip SETO, diganti 068 060223, Selesai service digunakan mcr 1.2 pegganti 018 02/05/23', '9c:5a:44:92:c4:03', '2839.2699.dae9', '2020'),
(348, 'PTPO18020-162', 'MTHARD162-RAPATRENDALHAR', '', '', 'Desktop', 0, 0, 'RENDALHAR1', '047.PJ.KR/061/GMUPMT/2020', 1, 'PTPO/PC/MTW/2020/162', 'SEWA', 'K', 'EX-ANDIKA', '9c:5a:44:92:1b:1b', '2839.269a.202d', '2020'),
(349, 'PTPO18020-163', 'MTOPSD163-CCRCNG1', '', '', 'Desktop', 0, 0, 'CCRCNG', '047.PJ.KR/061/GMUPMT/2020', 1, 'PTPO/PC/MTW/2020/163', 'SEWA', 'K', '', '28:39:26:99:62:e1', '9c5a.4492.1ef8', '2020'),
(350, 'PTPO18020-164', 'MTOPSD164-CCRCNG2', '', '', 'Desktop', 0, 0, 'CCRCNG', '047.PJ.KR/061/GMUPMT/2020', 1, 'PTPO/PC/MTW/2020/164', 'SEWA', 'K', '', '9c:5a:44:92:c4:9a', '2839.269a.1e77', '2020'),
(351, 'PTPO18020-165', 'MTOPSD165-MCRGANTI', '', '', 'Desktop', 0, 0, 'MCR1', '047.PJ.KR/061/GMUPMT/2020', 1, 'PTPO/PC/MTW/2020/165', 'SEWA', 'K', 'Desktop baru pengganti MTOPSD097', '2a:39:26:97:88:13', '9c5a44921e86', '2020'),
(352, 'PTPO18020-166', 'MTHARD166-EDS MCR LT.3', '', '', 'Desktop', 0, 0, 'MCR1', '047.PJ.KR/061/GMUPMT/2020', 1, 'PTPO/PC/MTW/2020/166', 'SEWA', 'K', 'Desktop baru pengganti MTHARD155', '9c:5a:44:92:c3:68', '2839.269a.1b69', '2020'),
(353, 'PTPO18020-167', 'MTHARD167-LISTRIK 1.2', '', '', 'Desktop', 41, 0, 'BENGKELLISTRIK', '047.PJ.KR/061/GMUPMT/2020', 1, 'PTPO/PC/MTW/2020/167', 'SEWA', 'K', 'Lcd kedip ganti 111 16/01/23', '9c:5a:44:92:c5:96', '2839.269a.20cf', '2020'),
(354, 'PTPO18020-168', 'MTKADD168-SUDASLI', '', '', 'Desktop', 118, 0, 'UMUM', '047.PJ.KR/061/GMUPMT/2020', 1, 'PTPO/PC/MTW/2020/168', 'SEWA', 'K', '', '9c:5a:44:92:c4:c2', '2839.2699.d7f1', '2020'),
(355, 'PTPO18020-169', 'MTOPSD169-CCR 3.4-2', '', '', 'Desktop', 0, 0, 'CCR34', '047.PJ.KR/061/GMUPMT/2020', 1, 'PTPO/PC/MTW/2020/169', 'SEWA', 'K', 'Lcd berkedip diganti MTOPSD089-CCR3.4-2', '9c:5a:44:92:1d:31', '2839.269a.4043', '2020'),
(356, 'PTPO18020-170', 'MTHARD170-RANDY', '', '', 'Desktop', 0, 85, 'RENDALHAR1', '047.PJ.KR/061/GMUPMT/2020', 1, 'PTPO/PC/MTW/2020/170', 'SEWA', 'K', 'Desktop baru pengganti MTHARD071-Rendal', '9c:5a:44:92:1e:e7', '2839.269a.3a11', '2020'),
(357, 'PTPO18020-171', 'MTOPSD171-SPARE IT', '', '', 'Desktop', 0, 0, 'CCR34', '047.PJ.KR/061/GMUPMT/2020', 1, 'PTPO/PC/MTW/2020/171', 'SEWA', 'K', 'Desktop baru pengganti MTOPSD-090 Spv CCR 3.4 Kedip lg ganti  067 09/05/23 ', '9c:5a:44:92:c4:ea', '2839.269a.1e7f', '2020'),
(358, 'PTPO18020-172', 'MTOPSD172-MCR B5', '', '', 'Desktop', 0, 0, 'MCRB5', '047.PJ.KR/061/GMUPMT/2020', 1, 'PTPO/PC/MTW/2020/172', 'SEWA', 'K', 'Desktop baru pengganti MTOPSD-099 MCR B5', '9c:5a:44:92:c5:29', '2839.269a.2071', '2020'),
(359, 'PTPO18020-173', 'MTKADD173-PUJIONO', '', '', 'Desktop', 195, 213, 'UMUM', '047.PJ.KR/061/GMUPMT/2020', 1, 'PTPO/PC/MTW/2020/173', 'SEWA', 'K', 'Desktop baru pengganti MTKADD-079 PUJIONO', '9c:5a:44:92:1c:d9', '2839.2699.1719', '2020'),
(360, 'PTPO18020-174', 'MTGMD174-GM JUNAIDI', '', '', 'Desktop', 196, 0, 'GM', '047.PJ.KR/061/GMUPMT/2020', 1, 'PTPO/PC/MTW/2020/174', 'SEWA', 'K', 'Prosesor i.5 warna hitam', 'e4:a8:df:87:aa:b8', '30c9.abec.eb8f', '2020'),
(361, 'PTPO18020-175', 'MTKADD175-MAN NDARU', '', '', 'Desktop', 197, 0, 'MANSDM', '047.PJ.KR/061/GMUPMT/2020', 1, 'PTPO/PC/MTW/2020/175', 'SEWA', 'K', 'Prosesor i.5 warna hitam', '9c:5a:44:91:b1:ed', '2839.2697.8d2b', '2020'),
(362, 'PTPO18020-176', 'MTLOGD176-MANHERMAWAN', '', '', 'Desktop', 198, 0, 'MANLOG', '047.PJ.KR/061/GMUPMT/2020', 1, 'PTPO/PC/MTW/2020/176', 'SEWA', 'K', 'Prosesor i.5 warna hitam', '9c:5a:44:91:b1:a5', '2839.2697.66d1', '2020'),
(363, 'PTPO18020-177', 'R.SO IT', '', '', 'Desktop', 199, 0, 'MANHAR', '047.PJ.KR/061/GMUPMT/2020', 1, 'PTPO/PC/MTW/2020/177', 'SEWA', 'K', ' service 08/08/22 x-man har', 'e4:a8:df:96:0a:f7', '145a.fc45.6a6f', '2020'),
(364, 'PTPO18020-178', 'MTEQAD178-MANAGER', '', '', 'Desktop', 0, 0, 'MANENJ', '047.PJ.KR/061/GMUPMT/2020', 1, 'PTPO/PC/MTW/2020/178', 'SEWA', 'K', 'Prosesor i.5 warna hitam', 'e4:a8:df:87:aa:b8', '30c9.abec.eb8f', '2020'),
(365, 'PTPO18020-179', 'MTOPSD179-MAN EMIL', '', '', 'Desktop', 200, 0, 'MANOPERASI', '047.PJ.KR/061/GMUPMT/2020', 1, 'PTPO/PC/MTW/2020/179', 'SEWA', 'K', 'Prosesor i.5 warna putih, serial number os bawaan', 'e4:a8:df:93:d4:43', '145a.fc45.69od', '2020'),
(366, 'PTPO18020-180', 'MTHARD177-MAN SJAREAT', '', '', 'Desktop', 199, 23, 'MANHAR', '047.PJ.KR/061/GMUPMT/2020', 1, 'PTPO/PC/MTW/2020/180', 'SEWA', 'K', 'Prosesor i.5 warna hitam, Pengganti', 'e4:a8:df:a1:6b:38', '0045.e2ae.e403', '2020'),
(367, 'sigit', 'R.SO.IT', '', '', 'Laptop', 119, 0, 'SO', ' 017.SPK-KP/061//MUPMT/2018', 1, 'PTPO/KL/MTW/2018/001', 'SEWA', 'K', 'Rusak(parah) x-anwar,diganti sm 052 tgl 07-02-22', '98:29:a6:29:d1:4c', '9822.efe8.780f', '2018'),
(368, 'UCCXSecurisafe', 'UCCXSecurisafe', '', 'SWDISPMT1-02', 'Server', 91, 258, '', 'DINAS', 0, '', 'DINAS', 'S', '', '', '', ''),
(369, 'UPHB', 'UPHB', '', 'SWENJB-34', 'Laptop', 101, 58, 'SO', 'UPHB', 6, '', 'UPHB', 'E', '', '50:e5:49:2a:88:d6', '', ''),
(370, 'UPHB-BENGKEL1', 'UPHB-BENGKEL1', '', 'WLC-0', 'Laptop', 101, 0, 'NOWHERE', 'UPHB', 6, '', 'UPHB', 'E', '', '', '', ''),
(371, 'UPHB-BENGKEL2', 'UPHB-BENGKEL2', '', 'WLC-0', 'Laptop', 101, 0, 'NOWHERE', 'UPHB', 6, '', 'UPHB', 'E', '', '50:46:5d:65:e7:05', '', ''),
(372, 'UPHB-BENGKEL3', 'UPHB-BENGKEL3', '', 'WLC-0', 'Laptop', 101, 0, 'NOWHERE', 'UPHB', 6, '', 'UPHB', 'E', '', '50:46:5d:68:c3:5a', '', ''),
(373, 'UPHB-HEND-SES-NOTE', 'UPHB-HEND-SES-NOTE', '', 'WLC-0', 'Laptop', 201, 307, 'UPHB', 'UPHB', 7, '', 'UPHB', 'E', '', '8c:73:63:b8:a9:a4', 'e094.cb5f.7cNull', ''),
(374, 'UPHB-HUDA-REND-NOTE', 'UPHB-HUDA-REND-NOTE', '', 'WLC-0', 'Laptop', 202, 305, 'UPHB', 'UPHB', 7, '', 'UPHB', 'E', '', 'c8:0a:a9:6c:ad:4e', '78e4.002e.069c', ''),
(375, 'UPHB-KONIN2C', 'UPHB-KONIN2C', '', 'WLC-0', 'Laptop', 101, 308, 'NOWHERE', 'UPHB', 7, '', 'UPHB', 'E', '', '50:46:5d:65:a2:f8', '', ''),
(376, 'UPHB-OKIS-REND-NOTE', 'UPHB-OKIS-REND-NOTE', '', 'WLC-0', 'Laptop', 203, 306, 'UPHB', 'UPHB', 7, '', 'UPHB', 'E', '', '50:46:5d:3d:b5:c9', 'dc85.de97.ae93', ''),
(377, 'VG224_server', 'VG224_server', '', 'SWPMT2-20', 'Server', 91, 262, '', 'DINAS', 0, '', 'DINAS', 'S', '', '', '', ''),
(378, 'PTPO/KL/MTW/2023/001', '', 'Lenovo Ideapad 1/14AMN7', '', '', 0, 0, '', '', 0, '', '', '', '', '', '', ''),
(379, 'PTPO/KL/MTW/2023/002', '', 'Lenovo Ideapad 1/14AMN7', '', '', 0, 0, '', '', 0, '', '', '', '', '', '', ''),
(380, 'PTPO/KL/MTW/2023/003', '', 'Lenovo Ideapad 1/14AMN7', '', '', 0, 0, '', '', 0, '', '', '', '', '', '', ''),
(381, 'PTPO/KL/MTW/2023/004', '', 'Lenovo Ideapad 1/14AMN7', '', '', 0, 0, '', '', 0, '', '', '', '', '', '', ''),
(382, 'PTPO/KL/MTW/2023/005', '', 'Lenovo Ideapad 1/14AMN7', '', '', 0, 0, '', '', 0, '', '', '', '', '', '', ''),
(383, 'PTPO/KL/MTW/2023/006', '', 'Lenovo Ideapad 1/14AMN7', '', '', 0, 0, '', '', 0, '', '', '', '', '', '', ''),
(384, 'PTPO/KL/MTW/2023/007', '', 'Lenovo Ideapad 1/14AMN7', '', '', 0, 0, '', '', 0, '', '', '', '', '', '', ''),
(385, 'PTPO/KL/MTW/2023/008', '', 'Lenovo Ideapad 1/14AMN7', '', '', 0, 0, '', '', 0, '', '', '', '', '', '', ''),
(386, 'PTPO/KL/MTW/2023/009', '', 'Lenovo Ideapad 1/14AMN7', '', '', 0, 0, '', '', 0, '', '', '', '', '', '', ''),
(387, 'PTPO/KL/MTW/2023/010', '', 'Lenovo Ideapad 1/14AMN7', '', '', 0, 0, '', '', 0, '', '', '', '', '', '', ''),
(388, '', '', '', '', '', 0, 0, '', '', 0, '', '', '', '', '', '', ''),
(389, 'PTPO/KL/MTW/2023/012', '', 'Lenovo Ideapad 1/14AMN7', '', '', 0, 0, '', '', 0, '', '', '', '', '', '', ''),
(390, 'PTPO/KL/MTW/2023/013', '', 'Lenovo Ideapad 1/14AMN7', '', '', 0, 0, '', '', 0, '', '', '', '', '', '', ''),
(391, 'PTPO/KL/MTW/2023/014', '', 'Lenovo Ideapad 1/14AMN7', '', '', 0, 0, '', '', 0, '', '', '', '', '', '', ''),
(392, 'PTPO/KL/MTW/2023/015', '', 'Lenovo Ideapad 1/14AMN7', '', '', 0, 0, '', '', 0, '', '', '', '', '', '', ''),
(393, 'PTPO/KL/MTW/2023/016', '', 'Lenovo Ideapad 1/14AMN7', '', '', 0, 0, '', '', 0, '', '', '', '', '', '', ''),
(394, 'PTPO/KL/MTW/2023/017', '', 'Lenovo Ideapad 1/14AMN7', '', '', 0, 0, '', '', 0, '', '', '', '', '', '', ''),
(395, 'PTPO/KL/MTW/2023/018', '', 'Lenovo Ideapad 1/14AMN7', '', '', 0, 0, '', '', 0, '', '', '', '', '', '', ''),
(396, 'PTPO/KL/MTW/2023/019', '', 'Lenovo Ideapad 1/14AMN7', '', '', 0, 0, '', '', 0, '', '', '', '', '', '', ''),
(397, 'PTPO/KL/MTW/2023/020', '', 'Lenovo Ideapad 1/14AMN7', '', '', 0, 0, '', '', 0, '', '', '', '', '', '', ''),
(398, 'PTPO/KL/MTW/2023/021', '', 'Lenovo Ideapad 1/14AMN7', '', '', 0, 0, '', '', 0, '', '', '', '', '', '', ''),
(399, 'PTPO/KL/MTW/2023/022', '', 'Lenovo Ideapad 1/14AMN7', '', '', 0, 0, '', '', 0, '', '', '', '', '', '', ''),
(400, 'PTPO/KL/MTW/2023/023', '', 'Lenovo Ideapad 1/14AMN7', '', '', 0, 0, '', '', 0, '', '', '', '', '', '', ''),
(401, 'PTPO/KL/MTW/2023/024', '', 'Lenovo Ideapad 1/14AMN7', '', '', 0, 0, '', '', 0, '', '', '', '', '', '', ''),
(402, '', '', '', '', '', 0, 0, '', '', 0, '', '', '', '', '', '', ''),
(403, 'PTPO/KL/MTW/2023/026', '', 'Lenovo Ideapad 1/14AMN7', '', '', 0, 0, '', '', 0, '', '', '', '', '', '', ''),
(404, 'PTPO/KL/MTW/2023/027', '', 'Lenovo Ideapad 1/14AMN7', '', '', 0, 0, '', '', 0, '', '', '', '', '', '', ''),
(405, 'PTPO/KL/MTW/2023/028', '', 'Lenovo Ideapad 1/14AMN7', '', '', 0, 0, '', '', 0, '', '', '', '', '', '', ''),
(406, 'PTPO/KL/MTW/2023/029', '', 'Lenovo Ideapad 1/14AMN7', '', '', 0, 0, '', '', 0, '', '', '', '', '', '', ''),
(407, 'PTPO/KL/MTW/2023/030', '', 'Lenovo Ideapad 1/14AMN7', '', '', 0, 0, '', '', 0, '', '', '', '', '', '', ''),
(408, 'PTPO/KL/MTW/2023/031', '', 'Lenovo Ideapad 1/14AMN7', '', '', 0, 0, '', '', 0, '', '', '', '', '', '', ''),
(409, 'PTPO/KL/MTW/2023/032', '', 'Lenovo Ideapad 1/14AMN7', '', '', 0, 0, '', '', 0, '', '', '', '', '', '', ''),
(410, 'PTPO/KL/MTW/2023/033', '', 'Lenovo Ideapad 1/14AMN7', '', '', 0, 0, '', '', 0, '', '', '', '', '', '', ''),
(411, 'PTPO/KL/MTW/2023/034', '', 'Lenovo Ideapad 1/14AMN7', '', '', 0, 0, '', '', 0, '', '', '', '', '', '', ''),
(412, 'PTPO/KL/MTW/2023/035', '', 'Lenovo Ideapad 1/14AMN7', '', '', 0, 0, '', '', 0, '', '', '', '', '', '', ''),
(413, 'PTPO/KL/MTW/2023/036', '', 'Lenovo Ideapad 1/14AMN7', '', '', 0, 0, '', '', 0, '', '', '', '', '', '', ''),
(414, 'PTPO/KL/MTW/2023/037', '', 'Lenovo Ideapad 1/14AMN7', '', '', 0, 0, '', '', 0, '', '', '', '', '', '', ''),
(415, 'PTPO/KL/MTW/2023/038', '', 'Lenovo Ideapad 1/14AMN7', '', '', 0, 0, '', '', 0, '', '', '', '', '', '', ''),
(416, 'PTPO/KL/MTW/2023/039', '', 'Lenovo Ideapad 1/14AMN7', '', '', 0, 0, '', '', 0, '', '', '', '', '', '', ''),
(417, 'PTPO/KL/MTW/2023/040', '', 'Lenovo Ideapad 1/14AMN7', '', '', 0, 0, '', '', 0, '', '', '', '', '', '', ''),
(418, 'PTPO/KL/MTW/2023/041', '', 'Lenovo Ideapad 1/14AMN7', '', '', 0, 0, '', '', 0, '', '', '', '', '', '', ''),
(419, 'PTPO/KL/MTW/2023/042', '', 'Lenovo Ideapad 1/14AMN7', '', '', 0, 0, '', '', 0, '', '', '', '', '', '', ''),
(420, 'PTPO/KL/MTW/2023/043', '', 'Lenovo Ideapad 1/14AMN7', '', '', 0, 0, '', '', 0, '', '', '', '', '', '', ''),
(421, 'PTPO/KL/MTW/2023/045', '', 'Lenovo Ideapad 1/14AMN7', '', '', 0, 0, '', '', 0, '', '', '', '', '', '', ''),
(422, 'PTPO/KL/MTW/2023/045', '', 'Lenovo Ideapad 1/14AMN7', '', '', 0, 0, '', '', 0, '', '', '', '', '', '', ''),
(423, 'PTPO/KL/MTW/2023/046', '', 'Lenovo Ideapad 1/14AMN7', '', '', 0, 0, '', '', 0, '', '', '', '', '', '', ''),
(424, 'PTPO/KL/MTW/2023/047', '', 'Lenovo Ideapad 1/14AMN7', '', '', 0, 0, '', '', 0, '', '', '', '', '', '', ''),
(425, 'PTPO/KL/MTW/2023/048', '', 'Lenovo Ideapad 1/14AMN7', '', '', 0, 0, '', '', 0, '', '', '', '', '', '', ''),
(426, 'PTPO/KL/MTW/2023/049', '', 'Lenovo Ideapad 1/14AMN7', '', '', 0, 0, '', '', 0, '', '', '', '', '', '', ''),
(427, 'PTPO/KL/MTW/2023/050', '', 'Lenovo Ideapad 1/14AMN7', '', '', 0, 0, '', '', 0, '', '', '', '', '', '', ''),
(428, 'PTPO/KL/MTW/2023/051', '', 'Lenovo Ideapad 1/14AMN7', '', '', 0, 0, '', '', 0, '', '', '', '', '', '', ''),
(429, 'PTPO/KL/MTW/2023/052', '', 'Lenovo Ideapad 1/14AMN7', '', '', 0, 0, '', '', 0, '', '', '', '', '', '', ''),
(430, 'PTPO/KL/MTW/2023/053', '', 'Lenovo Ideapad 1/14AMN7', '', '', 0, 0, '', '', 0, '', '', '', '', '', '', ''),
(431, 'PTPO/KL/MTW/2023/054', '', 'Lenovo Ideapad 1/14AMN7', '', '', 0, 0, '', '', 0, '', '', '', '', '', '', ''),
(432, 'PTPO/KL/MTW/2023/055', '', 'Lenovo Ideapad 1/14AMN7', '', '', 0, 0, '', '', 0, '', '', '', '', '', '', ''),
(433, '', '', '', '', '', 0, 0, '', '', 0, '', '', '', '', '', '', ''),
(434, 'PTPO/KL/MTW/2023/057', '', 'Lenovo Ideapad 1/14AMN7', '', '', 0, 0, '', '', 0, '', '', '', '', '', '', ''),
(435, 'PTPO/KL/MTW/2023/058', '', 'Lenovo Ideapad 1/14AMN7', '', '', 0, 0, '', '', 0, '', '', '', '', '', '', ''),
(436, 'PTPO/KL/MTW/2023/059', '', 'Lenovo Ideapad 1/14AMN7', '', '', 0, 0, '', '', 0, '', '', '', '', '', '', ''),
(437, 'PTPO/KL/MTW/2023/060', '', 'Lenovo Ideapad 1/14AMN7', '', '', 0, 0, '', '', 0, '', '', '', '', '', '', ''),
(438, 'PTPO/KL/MTW/2023/061', '', 'Lenovo Ideapad 1/14AMN7', '', '', 0, 0, '', '', 0, '', '', '', '', '', '', ''),
(439, 'PTPO/KL/MTW/2023/062', '', 'Lenovo Ideapad 1/14AMN7', '', '', 0, 0, '', '', 0, '', '', '', '', '', '', ''),
(440, 'PTPO/KL/MTW/2023/063', '', 'Lenovo Ideapad 1/14AMN7', '', '', 0, 0, '', '', 0, '', '', '', '', '', '', ''),
(441, 'PTPO/KL/MTW/2023/064', '', 'Lenovo Ideapad 1/14AMN7', '', '', 0, 0, '', '', 0, '', '', '', '', '', '', ''),
(442, 'PTPO/KL/MTW/2023/065', '', 'Lenovo Ideapad 1/14AMN7', '', '', 0, 0, '', '', 0, '', '', '', '', '', '', ''),
(443, 'PTPO/KL/MTW/2023/066', '', 'Lenovo Ideapad 1/14AMN7', '', '', 0, 0, '', '', 0, '', '', '', '', '', '', ''),
(444, 'PTPO/KL/MTW/2023/067', '', 'Lenovo Ideapad 1/14AMN7', '', '', 0, 0, '', '', 0, '', '', '', '', '', '', ''),
(445, 'PTPO/KL/MTW/2023/068', '', 'Lenovo Ideapad 1/14AMN7', '', '', 0, 0, '', '', 0, '', '', '', '', '', '', ''),
(446, 'PTPO/KL/MTW/2023/069', '', 'Lenovo Ideapad 1/14AMN7', '', '', 0, 0, '', '', 0, '', '', '', '', '', '', ''),
(447, 'PTPO/KL/MTW/2023/070', '', 'Lenovo Ideapad 1/14AMN7', '', '', 0, 0, '', '', 0, '', '', '', '', '', '', ''),
(448, 'PTPO/KL/MTW/2023/071', '', 'Lenovo Ideapad 1/14AMN7', '', '', 0, 0, '', '', 0, '', '', '', '', '', '', ''),
(449, 'PTPO/KL/MTW/2023/072', '', 'Lenovo Ideapad 1/14AMN7', '', '', 0, 0, '', '', 0, '', '', '', '', '', '', ''),
(450, 'PTPO/KL/MTW/2023/073', '', 'Lenovo Ideapad 1/14AMN7', '', '', 0, 0, '', '', 0, '', '', '', '', '', '', ''),
(451, 'PTPO/KL/MTW/2023/074', '', 'Lenovo Ideapad 1/14AMN7', '', '', 0, 0, '', '', 0, '', '', '', '', '', '', ''),
(452, 'PTPO/KL/MTW/2023/075', '', 'Lenovo Ideapad 1/14AMN7', '', '', 0, 0, '', '', 0, '', '', '', '', '', '', ''),
(453, 'PTPO/KL/MTW/2023/076', '', 'Lenovo Ideapad 1/14AMN7', '', '', 0, 0, '', '', 0, '', '', '', '', '', '', ''),
(454, 'PTPO/KL/MTW/2023/077', '', 'Lenovo Ideapad 1/14AMN7', '', '', 0, 0, '', '', 0, '', '', '', '', '', '', ''),
(455, 'PTPO/KL/MTW/2023/078', '', 'Lenovo Ideapad 1/14AMN7', '', '', 0, 0, '', '', 0, '', '', '', '', '', '', ''),
(456, '', '', '', '', '', 0, 0, '', '', 0, '', '', '', '', '', '', ''),
(457, 'PTPO/KL/MTW/2023/080', '', 'Lenovo Ideapad 1/14AMN7', '', '', 0, 0, '', '', 0, '', '', '', '', '', '', ''),
(458, '', '', '', '', '', 0, 0, '', '', 0, '', '', '', '', '', '', ''),
(459, '', '', '', '', '', 0, 0, '', '', 0, '', '', '', '', '', '', ''),
(460, '', '', '', '', '', 0, 0, '', '', 0, '', '', '', '', '', '', ''),
(461, '', '', '', '', '', 0, 0, '', '', 0, '', '', '', '', '', '', ''),
(462, '', '', '', '', '', 0, 0, '', '', 0, '', '', '', '', '', '', ''),
(463, 'PTPO/KL/MTW/2023/086', '', 'Lenovo Ideapad 1/14AMN7', '', '', 0, 0, '', '', 0, '', '', '', '', '', '', ''),
(464, 'PTPO/KL/MTW/2023/087', '', 'Lenovo Ideapad 1/14AMN7', '', '', 0, 0, '', '', 0, '', '', '', '', '', '', ''),
(465, 'PTPO/KL/MTW/2023/088', '', 'Lenovo Ideapad 1/14AMN7', '', '', 0, 0, '', '', 0, '', '', '', '', '', '', ''),
(466, 'PTPO/KL/MTW/2023/089', '', 'Lenovo Ideapad 1/14AMN7', '', '', 0, 0, '', '', 0, '', '', '', '', '', '', ''),
(467, 'PTPO/KL/MTW/2023/090', '', 'Lenovo Ideapad 1/14AMN7', '', '', 0, 0, '', '', 0, '', '', '', '', '', '', ''),
(468, '', '', '', '', '', 0, 0, '', '', 0, '', '', '', '', '', '', ''),
(469, '', '', '', '', '', 0, 0, '', '', 0, '', '', '', '', '', '', ''),
(470, '', '', '', '', '', 0, 0, '', '', 0, '', '', '', '', '', '', ''),
(471, '', '', '', '', '', 0, 0, '', '', 0, '', '', '', '', '', '', ''),
(472, '', '', '', '', '', 0, 0, '', '', 0, '', '', '', '', '', '', ''),
(473, '', '', '', '', '', 0, 0, '', '', 0, '', '', '', '', '', '', ''),
(474, 'PTPO/KL/MTW/2023/097', '', 'Lenovo Ideapad 1/14AMN7', '', '', 0, 0, '', '', 0, '', '', '', '', '', '', ''),
(475, 'PTPO/KL/MTW/2023/098', '', 'Lenovo Ideapad 1/14AMN7', '', '', 0, 0, '', '', 0, '', '', '', '', '', '', ''),
(476, 'PTPO/KL/MTW/2023/099', '', 'Lenovo Ideapad 1/14AMN7', '', '', 0, 0, '', '', 0, '', '', '', '', '', '', ''),
(477, 'PTPO/KL/MTW/2023/100', '', 'Lenovo Ideapad 1/14AMN7', '', '', 0, 0, '', '', 0, '', '', '', '', '', '', ''),
(478, 'PTPO/KL/MTW/2023/101', '', 'Lenovo Ideapad 1/14AMN7', '', '', 0, 0, '', '', 0, '', '', '', '', '', '', ''),
(479, 'PTPO/KL/MTW/2023/102', '', 'Lenovo Ideapad 1/14AMN7', '', '', 0, 0, '', '', 0, '', '', '', '', '', '', ''),
(480, '', '', '', '', '', 0, 0, '', '', 0, '', '', '', '', '', '', ''),
(481, '', '', '', '', '', 0, 0, '', '', 0, '', '', '', '', '', '', ''),
(482, 'PTPO/KL/MTW/2023/105', '', 'Lenovo Ideapad 1/14AMN7', '', '', 0, 0, '', '', 0, '', '', '', '', '', '', ''),
(483, 'PTPO/KL/MTW/2023/106', '', 'Lenovo Ideapad 1/14AMN7', '', '', 0, 0, '', '', 0, '', '', '', '', '', '', ''),
(484, 'mouse', NULL, 'logitech', NULL, 'Internet Of Things', 1, 1, NULL, NULL, 10, NULL, NULL, NULL, NULL, NULL, NULL, NULL);

-- --------------------------------------------------------

--
-- Table structure for table `log`
--

CREATE TABLE `log` (
  `log_id` bigint(20) NOT NULL,
  `user_id` bigint(200) NOT NULL,
  `komp_id` bigint(20) NOT NULL,
  `tgl_pinjam` date NOT NULL,
  `tgl_kembali` date NOT NULL,
  `keterangan` varchar(300) NOT NULL
) ENGINE=InnoDB DEFAULT CHARSET=utf8mb4;

--
-- Dumping data for table `log`
--

INSERT INTO `log` (`log_id`, `user_id`, `komp_id`, `tgl_pinjam`, `tgl_kembali`, `keterangan`) VALUES
(1, 1, 378, '2023-08-03', '2023-08-09', 'gdfsvca');

-- --------------------------------------------------------

--
-- Table structure for table `os`
--

CREATE TABLE `os` (
  `os_id` bigint(20) NOT NULL,
  `os_name` varchar(300) NOT NULL,
  `ram_hdd` varchar(300) DEFAULT NULL
) ENGINE=InnoDB DEFAULT CHARSET=utf8mb4;

--
-- Dumping data for table `os`
--

INSERT INTO `os` (`os_id`, `os_name`, `ram_hdd`) VALUES
(1, 'Windows 10 Professional 64bit', '8GB/500GB'),
(2, 'Windows 7 Professional 32bit', '4GB/500GB'),
(3, 'Windows 7 Professional 32bit', '2GB/500GB'),
(4, 'Windows Server 2012', '8GB/500GB'),
(5, 'Windows 8 Professional 64bit', '8GB/1TB'),
(6, 'Windows XP Professional 32bit', NULL),
(7, 'Windows 7 Professional 32bit', NULL),
(8, 'Windows 7 Professional 64bit', NULL),
(9, 'Windows 8 Professional 64bit', '8GB/500GB'),
(10, 'Linux', NULL);

-- --------------------------------------------------------

--
-- Table structure for table `pinjam`
--

CREATE TABLE `pinjam` (
  `pinjam_id` bigint(20) NOT NULL,
  `user_id` bigint(20) NOT NULL,
  `komp_id` bigint(20) NOT NULL,
  `tgl_pinjam` date NOT NULL,
  `tgl_kembali` date NOT NULL,
  `no_tiket` varchar(300) NOT NULL
) ENGINE=InnoDB DEFAULT CHARSET=utf8mb4;

--
-- Dumping data for table `pinjam`
--

INSERT INTO `pinjam` (`pinjam_id`, `user_id`, `komp_id`, `tgl_pinjam`, `tgl_kembali`, `no_tiket`) VALUES
(1, 7, 457, '2023-07-01', '2023-08-10', '120819');

-- --------------------------------------------------------

--
-- Table structure for table `switch`
--

CREATE TABLE `switch` (
  `switch_id` varchar(200) NOT NULL,
  `port` int(20) NOT NULL,
  `nama` varchar(300) NOT NULL,
  `tipe` varchar(300) NOT NULL,
  `sn` varchar(300) NOT NULL,
  `letak` varchar(300) NOT NULL,
  `mac` varchar(300) NOT NULL,
  `macc` varchar(300) NOT NULL,
  `ip_id` bigint(20) DEFAULT NULL,
  `referensi` varchar(300) DEFAULT NULL
) ENGINE=InnoDB DEFAULT CHARSET=utf8mb4;

--
-- Dumping data for table `switch`
--

INSERT INTO `switch` (`switch_id`, `port`, `nama`, `tipe`, `sn`, `letak`, `mac`, `macc`, `ip_id`, `referensi`) VALUES
('EQA-APADM2A', 1, 'ACCESS POINT', 'AIR-LAP1041N-E-K9', 'FGL1619S3PY', 'RUANG RENDALHAR', 'A4:4C:11:C7:99:3D', 'A44C.11C7.993D', 360, NULL),
('EQA-APADM2B', 1, 'ACCESS POINT ', 'AIR-LAP1041N-E-K9', 'FGL1619S3PT', 'RUANG GM', 'A4:93:4C:07:0D:C2', 'A493.4C07.0DC2', 361, NULL),
('EQA-APADM3A', 1, 'ACCESS POINT', 'AIR-CAP1602I-C-K9', 'FGL1727W46D', 'RAK DEPAN PERPUSTAKAAN', '4C:00:82:1A:C9:55', 'AC00.821A.C955', 448, NULL),
('EQA-APADM3B', 1, 'ACCESS POINT', 'AIR-CAP1602I-C-K9', 'FGL1727W3X4', 'RUANG SARANA ', 'F8:72:EA:E4:AF:6B', 'F872.EAE4.AF6B', 447, NULL),
('EQA-APBKL', 1, 'ACCESS POINT ', 'AIR-LAP1041N-E-K9', 'FGL1619S3PE', '', 'A4:93:4C:07:11:B0', 'A493.4C07.11B0', 370, NULL),
('EQA-APENJA', 1, 'ACCESS POINT ', 'AIR-LAP1041N-E-K9', 'FGL1619S3PA', 'RUANG RENDAL HAR', 'A4:4C:11:C7:98:AD', 'A44C.11C7.98AD', 367, NULL),
('EQA-APENJB', 1, 'ACCESS POINT ', 'AIR-CAP1602I-C-K9', 'FGL1619S3Q0', 'RUANG MO', 'F8:72:EA:E4:AF:6B', 'F872.EAE4.AF68', 447, NULL),
('EQA-APENJC', 1, 'ACCESS POINT ', 'AIR-LAP1041N-E-K9', 'FGL1619S3PK', 'RUANG UPHB', 'A4:4C:11:EB:A9:A4', 'A44C.11EB.A9A4', 369, NULL),
('EQA-APHAR34A', 1, 'ACCESS POINT', 'AIR-CAP1602I-C-K9', 'FGL1915X7LB', 'PMT LANTAI 1', '84:B8:02:D1:B5:94', '84B8.02D1.B594', 472, NULL),
('EQA-APHAR34B', 1, 'ACCESS POINT', 'AIR-CAP1602I-C-K9', 'FGL1903X2KQ', 'PMT LANTAI 1', '64:F6:9D:5E:8F:86', '64F6.9D5E.8F86', 473, NULL),
('EQA-APKONINB5', 1, 'ACCESS POINT ', 'AIR-LAP1041N-E-K9', 'FGL1619S3PJ', 'KONIN B5', 'A4:4C:11:C7:97:51', 'A44C.11C7.9751', 377, NULL),
('EQA-APLK3', 1, 'ACCESS POINT ', 'AIR-LAP1041N-E-K9', 'FGL1619S3Q3', 'RUANG LINGKUNGAN', 'A4:4C:11:EB:A6:C7', 'A44C.11EB.A6C7', 446, NULL),
('EQA-APMCR1A', 1, 'ACCESS POINT ', 'AIR-LAP1041N-E-K9', 'FGL1619S3PZ', 'DEPAN BBM', 'A4:4C:11:D3:41:EE', 'A44C.11D3.41EE', 374, NULL),
('EQA-APMCR1B', 1, 'ACCESS POINT ', 'AIR-LAP1041N-E-K9', 'FGL1619S3PH', 'RUANG RENDALOPS', 'A4:4C:11:B6:EC:49', 'A44C.11B6.EC49', 373, NULL),
('EQA-APMCR2', 1, 'ACCESS POINT ', 'AIR-LAP1041N-E-K9', 'FGL1619S3PF', '', 'A4:93:4C:07:11:5D', 'A493.4C07.115D', 372, NULL),
('EQA-APMCR3', 1, 'ACCESS POINT ', 'AIR-LAP1041N-E-K9', 'FGL1619S3PB', '', 'A4:4C:11:C7:95:85', 'A44C.11C7.9585', 371, NULL),
('EQA-APMCRB34', 1, 'ACCESS POINT', 'AIR-CAP1602I-C-K9', 'FGL1849X318', 'RUANG CCR BLOK 34', '88:1d:fc:4a:c4:3a', '881d.fc4a.c43a', 471, NULL),
('EQA-APMCRB5', 1, 'ACCESS POINT', 'AIR-CAP1602I-C-K9', 'FGL1727X0NU', 'OPERATOR MCR B5', 'bc:16:65:6a:df:d0', 'bc16.656a.dfD0', 378, NULL),
('EQA-APPMT2A', 1, 'ACCESS POINT ', 'AIR-LAP1041N-E-K9', 'FGL1619S3PV', 'RUANG CNG', 'A4:93:4C:07:11:E0', 'A493.4C07.11E0', 375, NULL),
('EQA-APPMT2B', 1, 'ACCESS POINT ', 'AIR-LAP1041N-E-K9', 'FGL1619S3PN', 'LOBI KOPERASI', 'A4:4C:11:C7:99:06', 'A44C.11C7.9906', 376, NULL),
('EQA-APREA1A', 1, 'ACCESS POINT ', 'AIR-LAP1041N-E-K9', 'FGL1619S3PD', 'RUANG RAPAT REABILITY LANTA 1KIRI', 'A4:4C:11:D3:41:B5', 'A44C.11D3.41B5', 363, NULL),
('EQA-APREA1B', 1, 'ACCESS POINT ', 'AIR-LAP1041N-E-K9', '', 'RUANG RAPAT REABITITY LANTAI 1 KANAN', 'A4:4C:11:EB:A6:CB', 'A44C.11EB.A6CB', 362, NULL),
('EQA-APREA2A', 1, 'ACCESS POINT ', 'AIR-LAP1041N-E-K9', 'FGL1619S3PX', 'RUANG RAPAT REABILITY LANTAI 2 KIRI ', 'A4:4C:11:D3:41:96', 'A44C:11D3:4196', 364, NULL),
('EQA-APREA2B', 1, 'ACCESS POINT ', 'AIR-LAP1041N-E-K9', 'FGL1619S3PC', 'RUANG RAPAT REABILITI LANTAI 2 KANAN ', 'A4:93:4C:07:11:54', 'A493:4C07:1154', 365, NULL),
('EQA-SWADM1A', 24, 'SWITCH GEDUNG ADMINISTRASI LANTAI 1 (PERTAMA)', 'WS-C2960S-24PS-L', 'FOC1618W1DY', 'SERVER', '58:BF:EA:07:B5:C0', '58BF.EA07.B5C0', 481, NULL),
('EQA-SWADM1B', 24, 'SWITCH GEDUNG ADMINISTRASI LANTAI 1 (KEDUA)', 'WS-C2960S-24PS-L', 'FOC1545Y4FT', 'SERVER', '08:D0:9F:DE:2E:40', '08D0.9FDE.2E40', 484, NULL),
('EQA-SWADM1C', 48, 'SWITCH GEDUNG ADMINISTRASI LANTAI 1 (KETIGA)', 'WS-C2960-48TT-S', 'FCQ1523Z047', 'SERVER', 'D0:C2:82:1C:70:00', 'D0C2.821C.7000', 486, NULL),
('EQA-SWADM2A', 48, 'SWITCH GEDUNG ADMINISTRASI LANTAI 2 (PERTAMA)', 'WS-C2960-48TT-S', 'FCQ1523Z03F', 'RAK DEPAN SEKRETARIAT', 'D0:C2:82:1C:7F:C0', 'D0C2.821C.7FC0', 487, NULL),
('EQA-SWADM2B', 24, 'SWITCH GEDUNG ADMINISTRASI LANTAI 2 (KEDUA)', 'WS-C2960S-24PS-L', 'FOC1618Z1N0', 'RAK DEPAN SEKRETARIAT', '58:BF:EA:C2:6F:C0', '58BF.EAC2.6FC0', 482, NULL),
('EQA-SWADM2C', 24, 'SWITCH GEDUNG ADMINISTRASI LANTAI 2 (KETIGA)', 'WS-C2960S-24PS-L', 'FOC1618W18X', 'RAK DEPAN SEKRETARIAT', '58:BF:EA:9E:26:C0', '58BF.EA9E.26C0', 483, NULL),
('EQA-SWADM3', 24, 'SWITCH GEDUNG ADMIN LANTAI 3', 'WS-C2960S-24PS-L', 'FOC1748Y439', 'RAK GEDUNG ADMIN LANTAI 3', '3C:0E:23:9D:33:80', '3C0E.239D.3380', 454, NULL),
('EQA-SWBKL', 24, 'SWITCH GEDUNG BENGKEL BLOK 1-2', 'WS-C2960S-24PS-L', 'FOC1545X07N', 'RAK RUANG BENGKEL', '08:D0:9F:5E:0E:C0', '08D0.9F5E.0EC0', 493, NULL),
('EQA-SWBKLB5', 24, 'SWITCH GEDUNG BENGKEL BLOK 5', 'WS-C2960X-24PS-L', 'FOC2227S186', 'RAK RUANG BREAKER LISTRIKB5', 'F4:EA:67:33:BE:40', 'F4EA.6733.BE40', 505, NULL),
('EQA-SWCCR34', 24, 'SWITCH GEDUNG CCR BLOK 34', 'WS-C2960X-24PS-L', 'FCW1915B390', 'RAK INSTRUMEN', 'BC:C4:93:6D:AA:80', 'BCC4.936D.AA80', 460, NULL),
('EQA-SWCNG', 24, 'SWITCH GEDUNG MCR CNG', 'WS-C2960-24PC-L', 'FCQ1722Y4EK', 'CNG', 'EC:E1:A9:3E:4B:80', 'ECE1.A93E.4B80', 470, NULL),
('EQA-SWCORE1', 24, 'SWITCH UTAMA 1', 'WS-C3750X-24', 'FDO1617R1RD', 'SERVER', 'A4:4C:11:CD:30:00', 'A44C.11CD.3000', 485, NULL),
('EQA-SWCORE2', 12, 'SWITCH UTAMA 2', 'WS-C3750X-12S', 'FDO154400AA', 'RAK RUANG SERVER', '64:9E:F3:83:8A:80', '649E.F383.8A80', 485, NULL),
('EQA-SWCORE3', 24, 'SWITCH UTAMA 3', 'WS-C3750X-24', 'FDO1543R0S8', 'SERVER', '64:9E:F3:83:8A:80', '649E.F383.8A80', 485, NULL),
('EQA-SWDISMCR', 8, 'SWITCH DISTRIBUSI GEDUNG MCR 1-2', 'WS-C3560X-24 ', 'FDO1601K15N', 'RAK RUANG PIKET', 'F0:F7:55:80:CC:80', 'F0F7:5580:CC80', 500, NULL),
('EQA-SWDISPMT1', 24, 'SWITCH DISTRIBUSI GEDUNG PMT 1', 'WS-C3750X-24', 'FDO1543K0PL', 'SERVER PMT', '64:9E:F3:8C:35:80', '649E.F38C.3580', 461, NULL),
('EQA-SWDISPMT2', 12, 'SWITCH DISTRIBUSI GEDUNG PMT 2', 'WS-C3750X-12S', ' ', 'SERVER PMT', '64:9E:F3:8C:35:C0', '649E.F38C.35C0', 461, NULL),
('EQA-SWDSL', 8, 'SWITCH DESAL PLANT BLOK 1', 'WS-C2960-8TC-L', 'FOC1622Z0SY', 'RAK RUANG DESALT', 'F4:7F:35:F8:A4:C0', 'F47F.35F8.A4C0', 506, NULL),
('EQA-SWENJA', 48, 'SWITCH GEDUNG ENJINIRING (BARU)', 'WS-C2960S-48LPS-L ', 'FOC1750Z1L0 ', 'RUANG LOBI ENJINIRING', 'C4:14:3C:C2:C3:C0', 'C414.3CC2.C3C0', 490, NULL),
('EQA-SWENJA_', 24, 'SWITCH GEDUNG ENJINIRING (PERTAMA)', 'WS-C2960S-24PS-L', 'FOC1545Y4HW', 'RAK LOBI ENJINIRING', '08:D0:9F:B8:F7:40', '08D0.9FB8.F740', NULL, 'non aktif'),
('EQA-SWEPROC', 48, 'SWITCH EPROC', 'WS-C2960-48TT-S', 'FCQ1523Z03V', 'RAK RUANG EPROC', 'D0:C2:82:1C:61:40', 'D0C2.821C.6140', 488, NULL),
('EQA-SWFOT', 8, 'SWITCH GEDUNG FOT', 'WS-C3560CG-8PC-S', 'FOC1917Z2YU', 'FOT', 'F0:78:16:01:EF:80', 'F078.1601.EF80', 465, NULL),
('EQA-SWGDG', 24, 'SWITCH GEDUNG GUDANG', 'WS-C2960S-24PS-L', 'FOC1541Z2R3', 'RAK RUANG BENGKEL GUDANG', '24:B6:57:85:19:40', '24B6.5785.1940', 497, NULL),
('EQA-SWGDG34', 24, 'SWITCH GUDANG BLOK 34', 'WS-C2960X-24PS-L', 'FCW1824A0JB', 'RAK RUANG ADMIN GUDANG BLOK 34', '00:08:2F:C5:F9:80', '0008.2FC5.F980', 462, NULL),
('EQA-SWGITET', 24, 'SWITCH GITET', 'WS-C2960S-24PS-L', 'FOC1545Y4HW', 'RUANG KONTROL GITET', '08:D0:9F:B8:F7:00', '08D0.9FB8.F700', 457, NULL),
('EQA-SWKLK', 24, 'SWITCH GEDUNG KLK3', 'WS-C2960S-24PS-L', 'FOC1545Y4FV', 'RAK BAGIAN BELAKANG GEDUNG KLK3', '08:D0:9F:7B:10:40', '08D0.9F7B.1040', 489, NULL),
('EQA-SWKMN', 8, 'SWITCH GEDUNG ADMINISTRASI', 'WS-C2960-8TC-L', 'FOC1535V0DK', 'RAK RUANG SATPAM DEPAN', '68:BC:0C:B8:D2:C0', '68BC.0CB8.D2C0', 493, NULL),
('EQA-SWKONINB5', 24, 'SWITCH GEDUNG KONIN B5', 'WS-C2960X-24-PS-L', 'FCW2227B30S', 'RUANG KERJA KONIN B5', '', '', 107, NULL),
('EQA-SWLABB5', 8, 'SWITCH GEDUNG LAB BLOK 5', 'WS-C2960-8TC-L', '', 'RAK RUANG LAB', '58:BF:EA:4C:FD:C0', '58BF.EA4C.FDC0', 107, NULL),
('EQA-SWMCR1', 24, 'SWITCH GEDUNG MCR LANTAI 1', 'WS-C2960S-24PS-L', 'FOC1618Z1S1', 'RAK RUANG RENDAL OPERASI', '58:BF:EA:67:57:40', '58BF.EA67.5740', 494, NULL),
('EQA-SWMCR1B', 48, 'SWITCH GEDUNG MCR LANTAI 1-B', 'WS-C2960-48TT-S', 'FCQ1522Z6ZR', 'RUANG RAPAT RENDAL OPERASI', 'D0:C2:82:0F:EA:40', 'D0C2.820F.EA40', 507, NULL),
('EQA-SWMCR2', 24, 'SWITCH GEDUNG MCR LANTAI 2', 'WS-C2960S-24PS-L', 'FOC1605X5DK', 'RAK RUANG INSTRUMENT', 'A4:56:30:E3:41:C0', 'A456.30E3.41C0', 495, NULL),
('EQA-SWMCR3', 24, 'SWITCH GEDUNG MCR LANTAI 3', 'WS-C2960S-24PS-L', 'FOC1545Y4FU', 'RAK RUANG RUANG ISTIRAHAT', '08:D0:9F:DE:05:C0', '08D0.9FDE.05C0', 496, NULL),
('EQA-SWMCRB5', 24, 'SWITCH GEDUNG MCR BLOK 5', 'WS-C2960S-24PS-L', 'FOC1618X1SY', 'RAK RUANG MCR', '58:BF:EA:6B:D9:C0', '58BF.EA6B.D9C0', 502, NULL),
('EQA-SWMDL', 8, 'SWITCH MODUL', 'WS-C2960-8TC-L', 'FOC1535V18N', 'RAK RUANG MODUL', '64:A0:E7:22:36:C0', '64A0.E722.36C0', 499, NULL),
('EQA-SWPMT1A', 24, 'SWITCH GEDUNG PMT LANTAI 1 (PERTAMA)', 'WS-C2960X-24PS-L', 'FCW1915B39C', 'RUANG SERVER PMT', 'BC:C4:93:D6:59:80', 'BCC4.93D6.5980', 458, NULL),
('EQA-SWPMT1B', 24, 'SWITCH GEDUNG PMT LANTAI 1 (KEDUA)', 'WS-C2960X-24PS-L', 'FCW1904B1QG', 'RUANG SERVER PMT', 'A0:55:4F:B8:08:00', 'A055.4FB8.0800', 459, NULL),
('EQA-SWPMT2', 24, 'SWITCH GEDUNG PMT', 'WS-C2960S-24PS-L', 'FOC1618Z1NT', 'RAK RUANG PMT LANTAI 2', '58:BF:EA:90:9A:40', '58BF.EA90.9A40', 501, NULL),
('EQA-SWREA', 8, 'SWITCH GEDUNG RELIABILITY', 'WS-C2960-8TC-L', 'FOC1618V3JM', 'RAK RUANG RAPAT LANTAI 2', '58:BF:EA:4C:D6:C0', '58BF.EA4C.D6C0', 492, NULL),
('EQA-SWSRV', 48, 'SWITCH SERVER', 'WS-C2960-48TT-S', 'FCQ1523Z03J', 'RUANG SERVER', 'D0:C2:82:1C:7D:80', 'D0C2.821C.7D80', 761, NULL),
('EQA-SWTI1', 48, 'SWITCH TI 1', 'WS-C2960-48TT-S', 'FCQ1523Z03K', 'RUANG TI DALAM PENYIMPANAN ', 'D0:C2:82:1C:7D:00', 'D0C2:821C:7D00', NULL, NULL),
('EQA-SWTI2', 48, 'SWITCH TI 2', 'WS-C2960-48TT-S', 'FCQ1523Z03E', 'RUANG TI DALAM PENYIMPANAN ', 'DO:C2:82:1C:53:80', 'D0C2:821C:5380', NULL, NULL),
('EQA-SWTI3', 48, 'SWITCH TI 3', 'WS-C2960-48TT-S', 'FCQ1523Z035', 'RUANG TI DALAM PENYIMPANAN', 'DO:C2:82:1C:53:80', 'DOC2:821C:5380', NULL, NULL),
('EQA-WLC1', 4, 'WLAN CONTROLLER 1 (15 AP)', 'AIR-CT2504-5-K9', 'PSJ162000R4', 'RUANG SERVER', 'F4:7F:35:B6:0E:00', 'F47F.35B6.0E00', 468, NULL),
('EQA-WLC2', 4, 'WLAN CONTROLLER 2 (10 AP)', 'AIR-CT2504-5-K9', 'PSJ162000RY', 'RUANG SERVER', 'F4:7F:35:B6:0B:C0', 'F47F.35B6.0BC0', 469, NULL);

-- --------------------------------------------------------

--
-- Table structure for table `unit`
--

CREATE TABLE `unit` (
  `unit_id` bigint(20) NOT NULL,
  `unit_name` varchar(300) CHARACTER SET utf8mb4 COLLATE utf8mb4_unicode_ci NOT NULL
) ENGINE=InnoDB DEFAULT CHARSET=utf8mb4;

--
-- Dumping data for table `unit`
--

INSERT INTO `unit` (`unit_id`, `unit_name`) VALUES
(1, 'UP Muara Tawar'),
(2, 'UP Brantas');

-- --------------------------------------------------------

--
-- Table structure for table `users`
--

CREATE TABLE `users` (
  `user_id` bigint(20) NOT NULL,
  `user_nid` varchar(255) COLLATE utf8mb4_unicode_ci NOT NULL,
  `user_nama` varchar(255) COLLATE utf8mb4_unicode_ci NOT NULL,
  `jabatan_id` bigint(20) DEFAULT NULL,
  `bidang_id` bigint(20) DEFAULT NULL,
  `fungsi_id` bigint(20) DEFAULT NULL,
  `password` varchar(255) COLLATE utf8mb4_unicode_ci DEFAULT NULL,
  `cpass` varchar(255) CHARACTER SET utf8mb4 DEFAULT NULL,
  `remember_token` varchar(100) COLLATE utf8mb4_unicode_ci DEFAULT NULL,
  `created_at` timestamp NULL DEFAULT NULL,
  `updated_at` timestamp NULL DEFAULT NULL
) ENGINE=InnoDB DEFAULT CHARSET=utf8mb4 COLLATE=utf8mb4_unicode_ci;

--
-- Dumping data for table `users`
--

INSERT INTO `users` (`user_id`, `user_nid`, `user_nama`, `jabatan_id`, `bidang_id`, `fungsi_id`, `password`, `cpass`, `remember_token`, `created_at`, `updated_at`) VALUES
(1, '1234567zjy', 'Admin MSI', 6, 5, 1, '$2y$10$K4kAftwm1gGgPB2hjPjO0ek9mQsMxa/l.FdnV6nd41UKvnkDH6VpO', '123456', NULL, NULL, NULL),
(2, '8914113ZJY', 'Tri Yudho Hariyo Pamungkas', 1, 1, 30, '$2y$10$EI2NtJia0.RJlO5qhUChseIcQnuw3sGuAOKJPnkRK0drP8ykuCC2y', '123', NULL, NULL, NULL),
(3, '8915131ZJY', 'Wahyu Surya Putra Pradana', 1, 1, 32, NULL, NULL, NULL, NULL, NULL),
(4, '9115158ZJY', 'Deri Dagi Wacono ', 1, 1, 35, '', '', NULL, NULL, NULL),
(5, '9211179JA', 'Ady Rogo Priyono', 1, 1, 35, '', '', NULL, NULL, NULL),
(6, '9318004ZJY', 'Mohamat Toefik Rijal', 1, 1, 32, '', '', NULL, NULL, NULL),
(7, '8405124JA', 'Muhammad Sulhan', 1, 1, 26, '', '', NULL, NULL, NULL),
(8, '8911117JA', 'Andrika K.P', 1, 1, 36, '', '', NULL, NULL, NULL),
(9, '9015232ZJY', 'Arif Kurniawan', 1, 1, 3, '', '', NULL, NULL, NULL),
(10, '8614122zjy', 'Anhar Ashari ', 1, 1, 37, '', '', NULL, NULL, NULL),
(11, '8008097JA', 'Danan Tri Yulianto ', 1, 1, 31, '', '', NULL, NULL, NULL),
(12, '8914137ZJY', 'Tegar Isnain S ', 1, 1, 30, '', '', NULL, NULL, NULL),
(13, '8915093ZJY', 'I Komang Artha Winadi', 1, 1, 33, '', '', NULL, NULL, NULL),
(14, '8007020JA', 'Barokah Sutatri', 1, 1, 20, '', '', NULL, NULL, NULL),
(15, '8711051JA', 'Yuda Ariawan Firdani', 1, 1, 7, '', '', NULL, NULL, NULL),
(16, '8915034ZJY', 'Gardika Satya Nurdiansyah', 1, 1, 18, '', '', NULL, NULL, NULL),
(17, '8207014JA', 'Muchlisin', 1, 1, 31, '', '', NULL, NULL, NULL),
(18, '8309163Z', 'Muhammad Amin Fauzi', 1, 1, 14, '', '', NULL, NULL, NULL),
(19, '8406042JA', 'Wawan Arif Siswoko ', 1, 1, 35, '', '', NULL, NULL, NULL),
(20, '9115275ZJY', 'Febri Adhi Pujiyanto', 1, 1, 35, '', '', NULL, NULL, NULL),
(21, '8914132ZJY', 'Rifky Nordian Hamidi', 1, 1, 6, '', '', NULL, NULL, NULL),
(22, '6809070JA', 'Fuad Anwar', 1, 1, 20, '', '', NULL, NULL, NULL),
(23, '8914124ZJY', 'Hendra Gunawan Susanto', 1, 1, 31, '', '', NULL, NULL, NULL),
(24, '8410081JA', 'sefyan deddy y', 1, 1, 19, '', '', NULL, NULL, NULL),
(25, '8711053JA', 'M Faishol Arif', 1, 1, 31, '', '', NULL, NULL, NULL),
(26, '8711048JA', 'Ahmad Choirul Zaman', 1, 1, 11, '', '', NULL, NULL, NULL),
(27, '9317028ZJY', 'Bagus Setiawan', 1, 1, 35, '', '', NULL, NULL, NULL),
(28, '8811049JA', 'Eky k nugraha ', 1, 1, 12, '', '', NULL, NULL, NULL),
(29, '8405118JA', 'Sandy wibowo', 1, 1, 2, '', '', NULL, NULL, NULL),
(30, '9315251ZJY', 'Tryas Adytia', 1, 1, 2, '', '', NULL, NULL, NULL),
(31, '9316136ZJY', 'Arief Rahman', 1, 1, 33, '', '', NULL, NULL, NULL),
(32, '9014128ZJY', 'Priagung Pambudi ', 1, 1, 16, '', '', NULL, NULL, NULL),
(33, '8610082JA', 'Willy Prasetyo', 1, 1, 10, '', '', NULL, NULL, NULL),
(34, '8815303zjy', 'Amad Suprayoga ', 1, 1, 2, '', '', NULL, NULL, NULL),
(35, '9418035ZJY', 'Riswandha Prasdiatmaja', 1, 1, 20, '', '', NULL, NULL, NULL),
(36, '9014114ZJY', 'Syaiful Arifin ', 1, 1, 2, '', '', NULL, NULL, NULL),
(37, '7807018JA', 'Yohanes Prio Guno Sumakto', 1, 1, 3, '', '', NULL, NULL, NULL),
(38, '9115237ZJY', 'Hadratul Hendra ', 1, 1, 3, '', '', NULL, NULL, NULL),
(39, '8609069JA', 'Taufuk Hidayat Jomantara', 1, 1, 20, '', '', NULL, NULL, NULL),
(40, '8610083JA', 'Jimmy Perianto S', 1, 1, 16, '', '', NULL, NULL, NULL),
(41, '8107021JA', 'Dammora Wibawa ', 1, 1, 16, '', '', NULL, NULL, NULL),
(42, '7906083JA', 'Yudi Firstiantara', 1, 1, 16, '', '', NULL, NULL, NULL),
(43, '9115156ZJY', 'Ridho Prima Oktansyah', 1, 1, 28, '', '', NULL, NULL, NULL),
(44, '9318009ZJY', 'Zia Ulhaq', 1, 1, 28, '', '', NULL, NULL, NULL),
(45, '7292088K3', 'Donar Parluhutan S.', 1, 1, 38, '', '', NULL, NULL, NULL),
(46, '8209031JA', 'Komang Gede Nara Utama', 1, 1, 15, '', '', NULL, NULL, NULL),
(47, '9316145ZJY', 'Stefani', 1, 1, 20, '', '', NULL, NULL, NULL),
(48, '8105042JA', 'Suryana Adi Wijaya', 1, 1, 3, '', '', NULL, NULL, NULL),
(49, '8911129JA', 'Satriya Sejati', 1, 1, 2, '', '', NULL, NULL, NULL),
(50, '9015132ZJY', 'Muhammad Siddiq B', 1, 1, 20, '', '', NULL, NULL, NULL),
(51, '8611046JA', 'Falanstya Kurnia Putra', 1, 1, 8, '', '', NULL, NULL, NULL),
(52, '7393261K3', 'Sukma Efendi', 1, 1, 38, '', '', NULL, NULL, NULL),
(53, '8007061JA', 'Lukfianto', 1, 1, 9, '', '', NULL, NULL, NULL),
(54, '8308099JA', 'Arif Catur Prasetyo', 1, 1, 30, '', '', NULL, NULL, NULL),
(55, '7092137K3', 'Munandar', 1, 1, 17, '', '', NULL, NULL, NULL),
(56, '9115107ZJY', 'Awang Asmoro', 1, 1, 27, '', '', NULL, NULL, NULL),
(57, '9014117ZJY', 'Avistya Paradipta', 1, 1, 16, '', '', NULL, NULL, NULL),
(58, '9418034ZJY', 'Aryatama Wisnu Wardana', 1, 1, 16, '', '', NULL, NULL, NULL),
(59, '9011184JA', 'Shafarudin Nurul Ihsan', 1, 1, 16, '', '', NULL, NULL, NULL),
(60, '9215306ZJY', 'Rendy Dwi AP', 1, 1, 16, '', '', NULL, NULL, NULL),
(61, '8405122JA', 'Deni Kristanto', 1, 1, 16, '', '', NULL, NULL, NULL),
(62, '8911119JA', 'Muhammad Yunas Amran', 1, 1, 16, '', '', NULL, NULL, NULL),
(63, '8911046AJ', 'Bagus Kokoh Suryo Anggoro ', 1, 1, 4, '', '', NULL, NULL, NULL),
(64, '8913038ZJY', 'Febri Ikbal Tawakal Sinaga ', 1, 1, 16, '', '', NULL, NULL, NULL),
(65, '7292233K3', 'Arief Syarbini', 1, 1, 38, '', '', NULL, NULL, NULL),
(66, '9214229ZJY', 'Andika Triantono ', 1, 1, 2, '', '', NULL, NULL, NULL),
(67, '7392231K3', 'Budiyono', 1, 1, 38, '', '', NULL, NULL, NULL),
(68, '7192106K3', 'Hartono', 1, 1, 38, '', '', NULL, NULL, NULL),
(69, '8914136ZJY', 'Tito Karosekali', 1, 1, 31, '', '', NULL, NULL, NULL),
(70, '8609072JA', 'Vikanata Dramastya', 1, 1, 13, '', '', NULL, NULL, NULL),
(71, '8610079JA', 'Arif Astomo ', 1, 1, 5, '', '', NULL, NULL, NULL),
(72, '8711044JA', 'Rahmat Alqadri', 1, 1, 30, '', '', NULL, NULL, NULL),
(73, '8914121ZJY', 'Adimas Adrian Abimanyu', 1, 1, 30, '', '', NULL, NULL, NULL),
(74, '7293279K3', 'Syaifudin ', 1, 1, 2, '', '', NULL, NULL, NULL),
(75, '9115133ZJY', 'SYAIFUL AMIN', 1, 1, 29, '', '', NULL, NULL, NULL),
(76, '8609071JA', 'Prima Kharisma', 1, 1, 21, '', '', NULL, NULL, NULL),
(77, '7292129K3', 'Riyu Rindani Riandini', 1, 1, 38, '', '', NULL, NULL, NULL),
(78, '8811113JA', 'Eko Riyanto', 1, 1, 39, '', '', NULL, NULL, NULL),
(79, '9013041ZJY', 'M Faizal Haris', 1, 1, 40, '', '', NULL, NULL, NULL),
(80, '8913037ZJY', 'Amanu Yoga C U', 1, 1, 30, '', '', NULL, NULL, NULL),
(81, '8510099JA', 'Latifa Noor Hakiki', 1, 1, 29, '', '', NULL, NULL, NULL),
(82, '8911125JA', 'Randi Azmi Ridha', 1, 1, 2, '', '', NULL, NULL, NULL),
(83, '8914104ZJY', 'Eko Wahyu Putranto', 1, 1, 41, '', '', NULL, NULL, NULL),
(84, '8008028JA', 'Ratna Budiyanti N D', 1, 1, 33, '', '', NULL, NULL, NULL),
(85, '8911114JA', 'Alqa Nury MAW ', 1, 1, 42, '', '', NULL, NULL, NULL),
(86, '8814120ZJY', 'Jhon Acridma', 1, 1, 31, '', '', NULL, NULL, NULL),
(87, '8814120ZJY', 'Muhamad Mursid Nur Ichsan', 1, 1, 43, '', '', NULL, NULL, NULL),
(88, '8610102JA', 'Iman Firmansyah', 1, 1, 34, '', '', NULL, NULL, NULL),
(89, '8405123JA', 'Moh Kholiq Ridho Antartika', 1, 1, 34, '', '', NULL, NULL, NULL),
(90, '8914103ZJY', 'Achmad Khoirul Anam', 1, 1, 19, '', '', NULL, NULL, NULL),
(91, '7392233K3', 'No Name', 1, 1, 38, '', '', NULL, NULL, NULL),
(92, '7806113JA', 'No Name', 1, 1, 38, '', '', NULL, NULL, NULL),
(93, '8308062JA', 'No Name', 1, 1, 38, '', '', NULL, NULL, NULL),
(94, '9015031ZJY', 'No Name', 1, 1, 38, '', '', NULL, NULL, NULL),
(95, '9115244ZJY', 'No Name', 1, 1, 38, '', '', NULL, NULL, NULL),
(96, '7303013JA', 'No Name', 1, 1, 38, '', '', NULL, NULL, NULL),
(97, '7193127K3', 'No Name', 1, 1, 38, '', '', NULL, NULL, NULL),
(98, '7806076JA', 'No Name', 1, 1, 38, '', '', NULL, NULL, NULL),
(99, '8008027JA', 'No Name', 1, 1, 38, '', '', NULL, NULL, NULL),
(100, '7906114JA', 'No Name', 1, 1, 38, '', '', NULL, NULL, NULL),
(101, '', 'UPHB', 1, 1, 38, '', '', NULL, NULL, NULL),
(102, '', 'RUSLAN', 1, 1, 38, '', '', NULL, NULL, NULL),
(103, '', 'KOPERASI', 1, 1, 38, '', '', NULL, NULL, NULL),
(104, '', 'TRAINING', 1, 1, 38, '', '', NULL, NULL, NULL),
(105, '', 'UDIN', 1, 1, 38, '', '', NULL, NULL, NULL),
(106, '6185009K3', 'No Name', 1, 1, 38, '', '', NULL, NULL, NULL),
(107, '7393330K3', 'No Name', 1, 1, 38, '', '', NULL, NULL, NULL),
(108, '8207062JA', 'No Name', 1, 1, 38, '', '', NULL, NULL, NULL),
(109, '8609070JA', 'No Name', 1, 1, 38, '', '', NULL, NULL, NULL),
(110, '9315243ZJY', 'No Name', 1, 1, 38, '', '', NULL, NULL, NULL),
(111, '9315352ZJY', 'No Name', 1, 1, 38, '', '', NULL, NULL, NULL),
(112, '7493284K3', 'No Name', 1, 1, 38, '', '', NULL, NULL, NULL),
(113, '8108029JA', 'No Name', 1, 1, 38, '', '', NULL, NULL, NULL),
(114, '8610085JA', 'No Name', 1, 1, 38, '', '', NULL, NULL, NULL),
(115, '8409025JA', 'No Name', 1, 1, 38, '', '', NULL, NULL, NULL),
(116, '9011186JA', 'No Name', 1, 1, 38, '', '', NULL, NULL, NULL),
(117, '6793277K3', 'No Name', 1, 1, 38, '', '', NULL, NULL, NULL),
(118, '6892128K3', 'No Name', 1, 1, 38, '', '', NULL, NULL, NULL),
(119, '9011190JA', 'No Name', 1, 1, 38, '', '', NULL, NULL, NULL),
(120, '8915304ZJY', 'No Name', 1, 1, 38, '', '', NULL, NULL, NULL),
(121, '8814131ZJY', 'No Name', 1, 1, 38, '', '', NULL, NULL, NULL),
(122, '8710028JA', 'No Name', 1, 1, 38, '', '', NULL, NULL, NULL),
(123, '7907013JA', 'No Name', 1, 1, 38, '', '', NULL, NULL, NULL),
(124, '7193249K3', 'No Name', 1, 1, 38, '', '', NULL, NULL, NULL),
(125, '8405115JA', 'No Name', 1, 1, 38, '', '', NULL, NULL, NULL),
(126, '7906016JA', 'No Name', 1, 1, 38, '', '', NULL, NULL, NULL),
(127, '8008067JA', 'No Name', 1, 1, 38, '', '', NULL, NULL, NULL),
(128, '8914129ZJY', 'No Name', 1, 1, 38, '', '', NULL, NULL, NULL),
(129, '9216161ZJY', 'No Name', 1, 1, 38, '', '', NULL, NULL, NULL),
(130, '9417252ZJY', 'No Name', 1, 1, 38, '', '', NULL, NULL, NULL),
(131, '9114107ZJY', 'No Name', 1, 1, 38, '', '', NULL, NULL, NULL),
(132, '8815095ZJY', 'No Name', 1, 1, 38, '', '', NULL, NULL, NULL),
(133, '9417251ZJY', 'No Name', 1, 1, 38, '', '', NULL, NULL, NULL),
(134, '8305047JA', 'No Name', 1, 1, 38, '', '', NULL, NULL, NULL),
(135, '6584375K3', 'No Name', 1, 1, 38, '', '', NULL, NULL, NULL),
(136, '9115096ZJY', 'No Name', 1, 1, 38, '', '', NULL, NULL, NULL),
(137, '8814126ZJY', 'No Name', 1, 1, 38, '', '', NULL, NULL, NULL),
(138, '9216184ZJY', 'No Name', 1, 1, 38, '', '', NULL, NULL, NULL),
(139, '8614123ZJY', 'No Name', 1, 1, 38, '', '', NULL, NULL, NULL),
(140, '8506040JA', 'No Name', 1, 1, 38, '', '', NULL, NULL, NULL),
(141, '8610106JA', 'No Name', 1, 1, 38, '', '', NULL, NULL, NULL),
(142, '8505051JA', 'No Name', 1, 1, 38, '', '', NULL, NULL, NULL),
(143, '8305053JA', 'No Name', 1, 1, 38, '', '', NULL, NULL, NULL),
(144, '8305045JA', 'No Name', 1, 1, 38, '', '', NULL, NULL, NULL),
(145, '8405125JA', 'No Name', 1, 1, 38, '', '', NULL, NULL, NULL),
(146, '6282692K3', 'No Name', 1, 1, 38, '', '', NULL, NULL, NULL),
(147, '6384183K3', 'No Name', 1, 1, 38, '', '', NULL, NULL, NULL),
(148, '9215350ZJY', 'No Name', 1, 1, 38, '', '', NULL, NULL, NULL),
(149, '8105048JA', 'No Name', 1, 1, 38, '', '', NULL, NULL, NULL),
(150, '7906065Z', 'No Name', 1, 1, 38, '', '', NULL, NULL, NULL),
(151, '8815127ZJY', 'No Name', 1, 1, 38, '', '', NULL, NULL, NULL),
(152, '8305041JA', 'No Name', 1, 1, 38, '', '', NULL, NULL, NULL),
(153, '7193203K3', 'No Name', 1, 1, 38, '', '', NULL, NULL, NULL),
(154, '8911127JA', 'No Name', 1, 1, 38, '', '', NULL, NULL, NULL),
(155, '9418027ZJY', 'No Name', 1, 1, 38, '', '', NULL, NULL, NULL),
(156, '9115135ZJY', 'No Name', 1, 1, 38, '', '', NULL, NULL, NULL),
(157, '9115094ZJY', 'No Name', 1, 1, 38, '', '', NULL, NULL, NULL),
(158, '8813044ZJY', 'No Name', 1, 1, 38, '', '', NULL, NULL, NULL),
(159, '9215030ZJY', 'No Name', 1, 1, 38, '', '', NULL, NULL, NULL),
(160, '9216183ZJY', 'No Name', 1, 1, 38, '', '', NULL, NULL, NULL),
(161, '8911046JA', 'No Name', 1, 1, 38, '', '', NULL, NULL, NULL),
(162, '9015240ZJY', 'No Name', 1, 1, 38, '', '', NULL, NULL, NULL),
(163, '8815126ZJY', 'No Name', 1, 1, 38, '', '', NULL, NULL, NULL),
(164, '8911115JA', 'No Name', 1, 1, 38, '', '', NULL, NULL, NULL),
(165, '8713043ZJY', 'No Name', 1, 1, 38, '', '', NULL, NULL, NULL),
(166, '9316099ZJY', 'No Name', 1, 1, 38, '', '', NULL, NULL, NULL),
(167, '8913101KP', 'No Name', 1, 1, 38, '', '', NULL, NULL, NULL),
(168, '9116179ZJY', 'No Name', 1, 1, 38, '', '', NULL, NULL, NULL),
(169, '6385008K3', 'No Name', 1, 1, 38, '', '', NULL, NULL, NULL),
(170, '8714118ZJY', 'No Name', 1, 1, 38, '', '', NULL, NULL, NULL),
(171, '7292117K3', 'No Name', 1, 1, 38, '', '', NULL, NULL, NULL),
(172, '9014133ZJY', 'No Name', 1, 1, 38, '', '', NULL, NULL, NULL),
(173, '8815250ZJY', 'No Name', 1, 1, 38, '', '', NULL, NULL, NULL),
(174, '9215129ZJY', 'No Name', 1, 1, 38, '', '', NULL, NULL, NULL),
(175, '9415248ZJY', 'No Name', 1, 1, 38, '', '', NULL, NULL, NULL),
(176, '8915228ZJY', 'No Name', 1, 1, 38, '', '', NULL, NULL, NULL),
(177, '8205054JA', 'No Name', 1, 1, 38, '', '', NULL, NULL, NULL),
(178, '8811120JA', 'No Name', 1, 1, 38, '', '', NULL, NULL, NULL),
(179, '8815033ZJY', 'No Name', 1, 1, 38, '', '', NULL, NULL, NULL),
(180, '9015308ZJY', 'No Name', 1, 1, 38, '', '', NULL, NULL, NULL),
(181, '8815029ZJY', 'No Name', 1, 1, 38, '', '', NULL, NULL, NULL),
(182, '9111116JA', 'No Name', 1, 1, 38, '', '', NULL, NULL, NULL),
(183, '9114224ZJY', 'No Name', 1, 1, 38, '', '', NULL, NULL, NULL),
(184, '9015027ZJY', 'No Name', 1, 1, 38, '', '', NULL, NULL, NULL),
(185, '9317148ZJY', 'No Name', 1, 1, 38, '', '', NULL, NULL, NULL),
(186, '9517077ZJY', 'No Name', 1, 1, 38, '', '', NULL, NULL, NULL),
(187, '9113040ZJY', 'No Name', 1, 1, 38, '', '', NULL, NULL, NULL),
(188, '9215230ZJY', 'No Name', 1, 1, 38, '', '', NULL, NULL, NULL),
(189, '9215130ZJY', 'No Name', 1, 1, 38, '', '', NULL, NULL, NULL),
(190, '8714127ZJY', 'No Name', 1, 1, 38, '', '', NULL, NULL, NULL),
(191, '9013042ZJY', 'No Name', 1, 1, 38, '', '', NULL, NULL, NULL),
(192, '8811134JA', 'No Name', 1, 1, 38, '', '', NULL, NULL, NULL),
(193, '9116151ZJY', 'No Name', 1, 1, 38, '', '', NULL, NULL, NULL),
(194, '9214228ZJY', 'No Name', 1, 1, 38, '', '', NULL, NULL, NULL),
(195, '6993125K3', 'No Name', 1, 1, 38, '', '', NULL, NULL, NULL),
(196, '7603019JArn', 'No Name', 1, 1, 38, '', '', NULL, NULL, NULL),
(197, '8008026JA', 'No Name', 1, 1, 38, '', '', NULL, NULL, NULL),
(198, '8007038JA', 'No Name', 1, 1, 38, '', '', NULL, NULL, NULL),
(199, '7092096JA', 'No Name', 1, 1, 38, '', '', NULL, NULL, NULL),
(200, '7806112JA', 'No Name', 1, 1, 38, '', '', NULL, NULL, NULL),
(201, '6285080K3', 'No Name', 1, 1, 38, '', '', NULL, NULL, NULL),
(202, '8405108JA', 'No Name', 1, 1, 38, '', '', NULL, NULL, NULL),
(247, 'Aji', 'Aji', 9, 4, 25, NULL, NULL, NULL, NULL, NULL),
(248, 'Syarifudin', 'Syarifudin', 9, 9, 33, NULL, NULL, NULL, NULL, NULL);

-- --------------------------------------------------------

--
-- Stand-in structure for view `view_fungsi`
-- (See below for the actual view)
--
CREATE TABLE `view_fungsi` (
`fungsi_id` bigint(20)
,`unit_id` bigint(20)
,`fungsi_name` varchar(300)
,`unit_name` varchar(300)
);

-- --------------------------------------------------------

--
-- Stand-in structure for view `view_inventaris`
-- (See below for the actual view)
--
CREATE TABLE `view_inventaris` (
`inventaris_id` bigint(20)
,`user_id` bigint(20)
,`komp_id` bigint(20)
,`tgl_pinjam` date
,`user_nama` varchar(255)
,`user_nid` varchar(255)
,`id_perangkat` varchar(200)
);

-- --------------------------------------------------------

--
-- Stand-in structure for view `view_komputer`
-- (See below for the actual view)
--
CREATE TABLE `view_komputer` (
`komp_id` bigint(20)
,`id_perangkat` varchar(200)
,`hostname` varchar(300)
,`merk_type` varchar(300)
,`port` varchar(300)
,`kategori` varchar(300)
,`user_id` bigint(20)
,`ip_id` bigint(20)
,`lokasi` varchar(300)
,`referensi` varchar(300)
,`os_id` bigint(20)
,`inventaris` varchar(300)
,`status` varchar(300)
,`penggunaan` varchar(300)
,`keterangan` varchar(300)
,`mac` varchar(300)
,`macc` varchar(300)
,`tahun` varchar(300)
,`user_nama` varchar(255)
,`user_nid` varchar(255)
,`ip_address` varchar(200)
,`os_name` varchar(300)
,`ram_hdd` varchar(300)
);

-- --------------------------------------------------------

--
-- Stand-in structure for view `view_log`
-- (See below for the actual view)
--
CREATE TABLE `view_log` (
`log_id` bigint(20)
,`user_id` bigint(200)
,`komp_id` bigint(20)
,`tgl_pinjam` date
,`tgl_kembali` date
,`keterangan` varchar(300)
,`user_nama` varchar(255)
,`user_nid` varchar(255)
,`id_perangkat` varchar(200)
);

-- --------------------------------------------------------

--
-- Stand-in structure for view `view_pinjam`
-- (See below for the actual view)
--
CREATE TABLE `view_pinjam` (
`pinjam_id` bigint(20)
,`user_id` bigint(20)
,`komp_id` bigint(20)
,`tgl_pinjam` date
,`tgl_kembali` date
,`no_tiket` varchar(300)
,`user_nama` varchar(255)
,`user_nid` varchar(255)
,`id_perangkat` varchar(200)
);

-- --------------------------------------------------------

--
-- Stand-in structure for view `view_switch`
-- (See below for the actual view)
--
CREATE TABLE `view_switch` (
`switch_id` varchar(200)
,`port` int(20)
,`nama` varchar(300)
,`tipe` varchar(300)
,`sn` varchar(300)
,`letak` varchar(300)
,`mac` varchar(300)
,`macc` varchar(300)
,`ip_id` bigint(20)
,`referensi` varchar(300)
,`ip_address` varchar(200)
);

-- --------------------------------------------------------

--
-- Stand-in structure for view `view_user`
-- (See below for the actual view)
--
CREATE TABLE `view_user` (
`user_id` bigint(20)
,`user_nid` varchar(255)
,`user_nama` varchar(255)
,`jabatan_id` bigint(20)
,`bidang_id` bigint(20)
,`fungsi_id` bigint(20)
,`password` varchar(255)
,`cpass` varchar(255)
,`remember_token` varchar(100)
,`created_at` timestamp
,`updated_at` timestamp
,`jabatan_name` varchar(255)
,`bidang_name` varchar(50)
,`fungsi_name` varchar(300)
,`unit_id` bigint(20)
,`unit_name` varchar(300)
);

-- --------------------------------------------------------

--
-- Structure for view `view_fungsi`
--
DROP TABLE IF EXISTS `view_fungsi`;

CREATE ALGORITHM=UNDEFINED DEFINER=`root`@`localhost` SQL SECURITY DEFINER VIEW `view_fungsi`  AS SELECT `fungsi`.`fungsi_id` AS `fungsi_id`, `fungsi`.`unit_id` AS `unit_id`, `fungsi`.`fungsi_name` AS `fungsi_name`, `unit`.`unit_name` AS `unit_name` FROM (`fungsi` join `unit` on(`fungsi`.`unit_id` = `unit`.`unit_id`)) ;

-- --------------------------------------------------------

--
-- Structure for view `view_inventaris`
--
DROP TABLE IF EXISTS `view_inventaris`;

CREATE ALGORITHM=UNDEFINED DEFINER=`root`@`localhost` SQL SECURITY DEFINER VIEW `view_inventaris`  AS SELECT `inventaris`.`inventaris_id` AS `inventaris_id`, `inventaris`.`user_id` AS `user_id`, `inventaris`.`komp_id` AS `komp_id`, `inventaris`.`tgl_pinjam` AS `tgl_pinjam`, `users`.`user_nama` AS `user_nama`, `users`.`user_nid` AS `user_nid`, `komputer`.`id_perangkat` AS `id_perangkat` FROM ((`inventaris` left join `users` on(`inventaris`.`user_id` = `users`.`user_id`)) left join `komputer` on(`inventaris`.`komp_id` = `komputer`.`komp_id`)) ;

-- --------------------------------------------------------

--
-- Structure for view `view_komputer`
--
DROP TABLE IF EXISTS `view_komputer`;

CREATE ALGORITHM=UNDEFINED DEFINER=`root`@`localhost` SQL SECURITY DEFINER VIEW `view_komputer`  AS SELECT `komputer`.`komp_id` AS `komp_id`, `komputer`.`id_perangkat` AS `id_perangkat`, `komputer`.`hostname` AS `hostname`, `komputer`.`merk_type` AS `merk_type`, `komputer`.`port` AS `port`, `komputer`.`kategori` AS `kategori`, `komputer`.`user_id` AS `user_id`, `komputer`.`ip_id` AS `ip_id`, `komputer`.`lokasi` AS `lokasi`, `komputer`.`referensi` AS `referensi`, `komputer`.`os_id` AS `os_id`, `komputer`.`inventaris` AS `inventaris`, `komputer`.`status` AS `status`, `komputer`.`penggunaan` AS `penggunaan`, `komputer`.`keterangan` AS `keterangan`, `komputer`.`mac` AS `mac`, `komputer`.`macc` AS `macc`, `komputer`.`tahun` AS `tahun`, `users`.`user_nama` AS `user_nama`, `users`.`user_nid` AS `user_nid`, `ip`.`ip_address` AS `ip_address`, `os`.`os_name` AS `os_name`, `os`.`ram_hdd` AS `ram_hdd` FROM (((`komputer` left join `users` on(`komputer`.`user_id` = `users`.`user_id`)) left join `ip` on(`komputer`.`ip_id` = `ip`.`ip_id`)) left join `os` on(`komputer`.`os_id` = `os`.`os_id`)) ;

-- --------------------------------------------------------

--
-- Structure for view `view_log`
--
DROP TABLE IF EXISTS `view_log`;

CREATE ALGORITHM=UNDEFINED DEFINER=`root`@`localhost` SQL SECURITY DEFINER VIEW `view_log`  AS SELECT `log`.`log_id` AS `log_id`, `log`.`user_id` AS `user_id`, `log`.`komp_id` AS `komp_id`, `log`.`tgl_pinjam` AS `tgl_pinjam`, `log`.`tgl_kembali` AS `tgl_kembali`, `log`.`keterangan` AS `keterangan`, `users`.`user_nama` AS `user_nama`, `users`.`user_nid` AS `user_nid`, `komputer`.`id_perangkat` AS `id_perangkat` FROM ((`log` left join `users` on(`log`.`user_id` = `users`.`user_id`)) left join `komputer` on(`log`.`komp_id` = `komputer`.`komp_id`)) ;

-- --------------------------------------------------------

--
-- Structure for view `view_pinjam`
--
DROP TABLE IF EXISTS `view_pinjam`;

CREATE ALGORITHM=UNDEFINED DEFINER=`root`@`localhost` SQL SECURITY DEFINER VIEW `view_pinjam`  AS SELECT `pinjam`.`pinjam_id` AS `pinjam_id`, `pinjam`.`user_id` AS `user_id`, `pinjam`.`komp_id` AS `komp_id`, `pinjam`.`tgl_pinjam` AS `tgl_pinjam`, `pinjam`.`tgl_kembali` AS `tgl_kembali`, `pinjam`.`no_tiket` AS `no_tiket`, `users`.`user_nama` AS `user_nama`, `users`.`user_nid` AS `user_nid`, `komputer`.`id_perangkat` AS `id_perangkat` FROM ((`pinjam` left join `users` on(`pinjam`.`user_id` = `users`.`user_id`)) left join `komputer` on(`pinjam`.`komp_id` = `komputer`.`komp_id`)) ;

-- --------------------------------------------------------

--
-- Structure for view `view_switch`
--
DROP TABLE IF EXISTS `view_switch`;

CREATE ALGORITHM=UNDEFINED DEFINER=`root`@`localhost` SQL SECURITY DEFINER VIEW `view_switch`  AS SELECT `switch`.`switch_id` AS `switch_id`, `switch`.`port` AS `port`, `switch`.`nama` AS `nama`, `switch`.`tipe` AS `tipe`, `switch`.`sn` AS `sn`, `switch`.`letak` AS `letak`, `switch`.`mac` AS `mac`, `switch`.`macc` AS `macc`, `switch`.`ip_id` AS `ip_id`, `switch`.`referensi` AS `referensi`, `ip`.`ip_address` AS `ip_address` FROM (`switch` left join `ip` on(`switch`.`ip_id` = `ip`.`ip_id`)) ;

-- --------------------------------------------------------

--
-- Structure for view `view_user`
--
DROP TABLE IF EXISTS `view_user`;

CREATE ALGORITHM=UNDEFINED DEFINER=`root`@`localhost` SQL SECURITY DEFINER VIEW `view_user`  AS SELECT `users`.`user_id` AS `user_id`, `users`.`user_nid` AS `user_nid`, `users`.`user_nama` AS `user_nama`, `users`.`jabatan_id` AS `jabatan_id`, `users`.`bidang_id` AS `bidang_id`, `users`.`fungsi_id` AS `fungsi_id`, `users`.`password` AS `password`, `users`.`cpass` AS `cpass`, `users`.`remember_token` AS `remember_token`, `users`.`created_at` AS `created_at`, `users`.`updated_at` AS `updated_at`, `jabatan`.`jabatan_name` AS `jabatan_name`, `bidang`.`bidang_name` AS `bidang_name`, `fungsi`.`fungsi_name` AS `fungsi_name`, `fungsi`.`unit_id` AS `unit_id`, `unit`.`unit_name` AS `unit_name` FROM ((((`users` left join `jabatan` on(`users`.`jabatan_id` = `jabatan`.`jabatan_id`)) left join `bidang` on(`users`.`bidang_id` = `bidang`.`bidang_id`)) left join `fungsi` on(`users`.`fungsi_id` = `fungsi`.`fungsi_id`)) left join `unit` on(`fungsi`.`unit_id` = `unit`.`unit_id`)) ;

--
-- Indexes for dumped tables
--

--
-- Indexes for table `bidang`
--
ALTER TABLE `bidang`
  ADD PRIMARY KEY (`bidang_id`);

--
-- Indexes for table `fungsi`
--
ALTER TABLE `fungsi`
  ADD PRIMARY KEY (`fungsi_id`),
  ADD KEY `unit_id` (`unit_id`) USING BTREE;

--
-- Indexes for table `inventaris`
--
ALTER TABLE `inventaris`
  ADD PRIMARY KEY (`inventaris_id`),
  ADD KEY `kom_inventarisfk` (`komp_id`),
  ADD KEY `user_inventarisfk` (`user_id`);

--
-- Indexes for table `ip`
--
ALTER TABLE `ip`
  ADD PRIMARY KEY (`ip_id`);

--
-- Indexes for table `jabatan`
--
ALTER TABLE `jabatan`
  ADD PRIMARY KEY (`jabatan_id`);

--
-- Indexes for table `komputer`
--
ALTER TABLE `komputer`
  ADD PRIMARY KEY (`komp_id`),
  ADD KEY `ip_kompfk` (`ip_id`),
  ADD KEY `os_kompfk` (`os_id`),
  ADD KEY `user_kompfk` (`user_id`);

--
-- Indexes for table `log`
--
ALTER TABLE `log`
  ADD PRIMARY KEY (`log_id`),
  ADD KEY `user_logfk` (`user_id`),
  ADD KEY `komp_logfk` (`komp_id`);

--
-- Indexes for table `os`
--
ALTER TABLE `os`
  ADD PRIMARY KEY (`os_id`);

--
-- Indexes for table `pinjam`
--
ALTER TABLE `pinjam`
  ADD PRIMARY KEY (`pinjam_id`),
  ADD KEY `kom_pinjamfk` (`komp_id`),
  ADD KEY `user_pinjamfk` (`user_id`);

--
-- Indexes for table `switch`
--
ALTER TABLE `switch`
  ADD UNIQUE KEY `switch_id` (`switch_id`),
  ADD KEY `ip_switchfk` (`ip_id`);

--
-- Indexes for table `unit`
--
ALTER TABLE `unit`
  ADD PRIMARY KEY (`unit_id`);

--
-- Indexes for table `users`
--
ALTER TABLE `users`
  ADD PRIMARY KEY (`user_id`),
  ADD KEY `jabatan_userfk` (`jabatan_id`),
  ADD KEY `bidang_userfk` (`bidang_id`),
  ADD KEY `fungsi_userfk` (`fungsi_id`);

--
-- AUTO_INCREMENT for dumped tables
--

--
-- AUTO_INCREMENT for table `bidang`
--
ALTER TABLE `bidang`
  MODIFY `bidang_id` bigint(20) NOT NULL AUTO_INCREMENT, AUTO_INCREMENT=11;

--
-- AUTO_INCREMENT for table `fungsi`
--
ALTER TABLE `fungsi`
  MODIFY `fungsi_id` bigint(20) NOT NULL AUTO_INCREMENT, AUTO_INCREMENT=49;

--
-- AUTO_INCREMENT for table `inventaris`
--
ALTER TABLE `inventaris`
  MODIFY `inventaris_id` bigint(20) NOT NULL AUTO_INCREMENT, AUTO_INCREMENT=5;

--
-- AUTO_INCREMENT for table `ip`
--
ALTER TABLE `ip`
  MODIFY `ip_id` bigint(20) NOT NULL AUTO_INCREMENT, AUTO_INCREMENT=1017;

--
-- AUTO_INCREMENT for table `jabatan`
--
ALTER TABLE `jabatan`
  MODIFY `jabatan_id` bigint(20) NOT NULL AUTO_INCREMENT, AUTO_INCREMENT=13;

--
-- AUTO_INCREMENT for table `komputer`
--
ALTER TABLE `komputer`
  MODIFY `komp_id` bigint(20) NOT NULL AUTO_INCREMENT, AUTO_INCREMENT=485;

--
-- AUTO_INCREMENT for table `log`
--
ALTER TABLE `log`
  MODIFY `log_id` bigint(20) NOT NULL AUTO_INCREMENT, AUTO_INCREMENT=2;

--
-- AUTO_INCREMENT for table `os`
--
ALTER TABLE `os`
  MODIFY `os_id` bigint(20) NOT NULL AUTO_INCREMENT, AUTO_INCREMENT=12;

--
-- AUTO_INCREMENT for table `pinjam`
--
ALTER TABLE `pinjam`
  MODIFY `pinjam_id` bigint(20) NOT NULL AUTO_INCREMENT, AUTO_INCREMENT=14;

--
-- AUTO_INCREMENT for table `unit`
--
ALTER TABLE `unit`
  MODIFY `unit_id` bigint(20) NOT NULL AUTO_INCREMENT, AUTO_INCREMENT=4;

--
-- AUTO_INCREMENT for table `users`
--
ALTER TABLE `users`
  MODIFY `user_id` bigint(20) NOT NULL AUTO_INCREMENT, AUTO_INCREMENT=249;

--
-- Constraints for dumped tables
--

--
-- Constraints for table `fungsi`
--
ALTER TABLE `fungsi`
  ADD CONSTRAINT `fungsi_ibfk_1` FOREIGN KEY (`unit_id`) REFERENCES `unit` (`unit_id`) ON DELETE CASCADE ON UPDATE CASCADE;

--
-- Constraints for table `inventaris`
--
ALTER TABLE `inventaris`
  ADD CONSTRAINT `kom_inventarisfk` FOREIGN KEY (`komp_id`) REFERENCES `komputer` (`komp_id`) ON DELETE CASCADE ON UPDATE CASCADE,
  ADD CONSTRAINT `user_inventarisfk` FOREIGN KEY (`user_id`) REFERENCES `users` (`user_id`) ON DELETE CASCADE ON UPDATE CASCADE;

--
-- Constraints for table `komputer`
--
ALTER TABLE `komputer`
  ADD CONSTRAINT `ip_kompfk` FOREIGN KEY (`ip_id`) REFERENCES `ip` (`ip_id`) ON DELETE CASCADE ON UPDATE CASCADE,
  ADD CONSTRAINT `os_kompfk` FOREIGN KEY (`os_id`) REFERENCES `os` (`os_id`) ON DELETE CASCADE ON UPDATE CASCADE,
  ADD CONSTRAINT `user_kompfk` FOREIGN KEY (`user_id`) REFERENCES `users` (`user_id`) ON DELETE CASCADE ON UPDATE CASCADE;

--
-- Constraints for table `log`
--
ALTER TABLE `log`
  ADD CONSTRAINT `komp_logfk` FOREIGN KEY (`komp_id`) REFERENCES `komputer` (`komp_id`) ON DELETE CASCADE ON UPDATE CASCADE;

--
-- Constraints for table `pinjam`
--
ALTER TABLE `pinjam`
  ADD CONSTRAINT `kom_pinjamfk` FOREIGN KEY (`komp_id`) REFERENCES `komputer` (`komp_id`) ON DELETE CASCADE ON UPDATE CASCADE,
  ADD CONSTRAINT `user_pinjamfk` FOREIGN KEY (`user_id`) REFERENCES `users` (`user_id`) ON DELETE CASCADE ON UPDATE CASCADE;

--
-- Constraints for table `switch`
--
ALTER TABLE `switch`
  ADD CONSTRAINT `ip_switchfk` FOREIGN KEY (`ip_id`) REFERENCES `ip` (`ip_id`) ON DELETE CASCADE ON UPDATE CASCADE;

--
-- Constraints for table `users`
--
ALTER TABLE `users`
  ADD CONSTRAINT `bidang_userfk` FOREIGN KEY (`bidang_id`) REFERENCES `bidang` (`bidang_id`) ON DELETE CASCADE ON UPDATE CASCADE,
  ADD CONSTRAINT `fungsi_userfk` FOREIGN KEY (`fungsi_id`) REFERENCES `fungsi` (`fungsi_id`) ON DELETE CASCADE ON UPDATE CASCADE,
  ADD CONSTRAINT `jabatan_userfk` FOREIGN KEY (`jabatan_id`) REFERENCES `jabatan` (`jabatan_id`) ON DELETE CASCADE ON UPDATE CASCADE;
COMMIT;

/*!40101 SET CHARACTER_SET_CLIENT=@OLD_CHARACTER_SET_CLIENT */;
/*!40101 SET CHARACTER_SET_RESULTS=@OLD_CHARACTER_SET_RESULTS */;
/*!40101 SET COLLATION_CONNECTION=@OLD_COLLATION_CONNECTION */;
